chip,threshold,vth_bl,dac,hits_per_s,count0,count1,dt_s,mu_est,sigma_est,r2_est
1,0,120,255,126257.65860791181,0,632186,5.007110118865967,,,
1,0,120,252,160074.5847335837,0,801471,5.00685977935791,,,
1,0,120,249,179683.82948560122,0,899713,5.007200717926025,,,
1,0,120,246,120805.17294790776,0,604813,5.006515741348267,,,
1,0,120,243,43883.94408192998,0,219741,5.007321119308472,250,4,0.5847458727199462
1,0,120,240,9381.130263614621,0,46967,5.006539583206177,250,4,0.8351329435035957
1,0,120,237,9386.116843541082,0,46995,5.0068628787994385,250,4,0.9042199878809112
1,0,120,234,1601.7737484620927,0,8017,5.0050764083862305,250,4,0.9258471816755914
1,0,120,231,204.1414979162853,0,1022,5.006331443786621,250,4,0.9363287634184075
1,0,120,228,27.570283570774375,0,138,5.005389213562012,250,4,0.942645692244785
1,0,120,225,2.1971101243176854,0,11,5.0065765380859375,250,4,0.9469090922362229
1,0,120,222,0.7991056914054258,0,4,5.005595684051514,250,4,0.9500040973059871
1,0,120,219,0.998795388614453,0,5,5.006030321121216,250,4,0.9523577369341625
1,1,120,255,0.0,0,0,5.004946231842041,,,
1,1,120,252,0.0,0,0,5.005313158035278,,,
1,1,120,249,0.0,0,0,5.0056233406066895,,,
1,1,120,246,0.0,0,0,5.005520582199097,,,
1,1,120,243,0.0,0,0,5.0057783126831055,,,
1,1,120,240,0.0,0,0,5.005815029144287,,,
1,1,120,237,0.0,0,0,5.006082534790039,,,
1,1,120,234,0.0,0,0,5.005808591842651,,,
1,1,120,231,0.0,0,0,5.0058722496032715,,,
1,1,120,228,0.0,0,0,5.005404233932495,,,
1,1,120,225,0.0,0,0,5.0061094760894775,,,
1,1,120,222,0.1997871378036935,0,1,5.005327224731445,,,
1,1,120,219,0.3995370697375511,0,2,5.005793333053589,,,
1,1,120,216,13.382029689782922,0,67,5.006714344024658,,,
1,1,120,213,988.2075456547575,0,4947,5.006033420562744,,,
1,1,120,210,17019.66989625952,0,85210,5.0065600872039795,210,1,0.9946724952116888
1,1,120,207,84863.48610811311,0,424801,5.005698204040527,208,1,0.9842724372525328
1,1,120,204,107753.91697716863,0,539291,5.004838943481445,206,2,0.90280410905264
1,1,120,201,154189.55240215044,0,771801,5.005533695220947,204,3,0.7840191290880975
1,1,120,198,134833.74602407598,0,674986,5.006061315536499,202,3,0.8477295025324137
1,1,120,195,23290.1032468312,0,116606,5.006675958633423,202,4,0.9044323572005617
1,1,120,192,1970.5983370353563,0,9865,5.006093740463257,202,4,0.9156921270270402
1,1,120,189,1429.9923533779122,0,7159,5.006320476531982,202,4,0.9252975736761868
1,1,120,186,85.9061818464837,0,430,5.005460500717163,202,4,0.9289912339023448
1,1,120,183,3.1959823759376125,0,16,5.0062854290008545,202,4,0.9315972539440798
1,1,120,180,0.7990427042034572,0,4,5.005990266799927,202,4,0.9336966636360562
1,1,120,177,0.19974957390798623,0,1,5.006268501281738,202,4,0.9354275547300459
1,1,120,174,0.19977830692487927,0,1,5.005548477172852,202,4,0.9368822330671189
1,1,120,171,0.1997542733791049,0,1,5.006150722503662,202,4,0.9381221962165213
1,1,120,168,0.0,0,0,5.00549054145813,202,4,0.9381221962165213
1,1,120,165,0.0,0,0,5.005256175994873,202,4,0.9381221962165213
1,1,120,162,0.0,0,0,5.00597882270813,202,4,0.9381221962165213
1,1,120,159,0.0,0,0,5.006145000457764,202,4,0.9381221962165213
1,1,120,156,0.0,0,0,5.006247520446777,202,4,0.9381221962165213
1,1,120,153,0.0,0,0,5.005501747131348,202,4,0.9381221962165213
1,1,120,150,0.0,0,0,5.005418539047241,202,4,0.9381221962165213
1,2,120,255,15443.223940285296,0,77316,5.006467580795288,,,
1,2,120,252,50668.20190019001,0,253619,5.005486488342285,,,
1,2,120,249,94183.71886393634,0,471489,5.006056308746338,,,
1,2,120,246,116794.84159932457,0,584705,5.006257057189941,,,
1,2,120,243,131862.3793529197,0,660205,5.006772994995117,247,3,0.5586911127579435
1,2,120,240,166684.72439807223,0,834408,5.005905628204346,245,4,0.4167041046088883
1,2,120,237,165691.44787984536,0,829451,5.005997657775879,243,5,0.44849824537273664
1,2,120,234,95294.88049148017,0,477027,5.005798816680908,242,5,0.6553604610057993
1,2,120,231,28060.175086887095,0,140468,5.005955934524536,242,6,0.8109403627352101
1,2,120,228,5548.442079923273,0,27776,5.006089925765991,242,6,0.8680886128700287
1,2,120,225,1010.1139533319603,0,5056,5.005375862121582,242,6,0.8936206021586818
1,2,120,222,225.3173262189474,0,1128,5.006272792816162,242,6,0.9079820970793028
2,0,120,255,55918.201008876385,0,279894,5.005418539047241,,,
2,0,120,252,50939.26555554291,0,254973,5.005431413650513,,,
2,0,120,249,50936.79541108623,0,254996,5.0061256885528564,,,
2,0,120,246,45835.163481880096,0,229507,5.007225513458252,,,
2,0,120,243,37346.944461606414,0,186953,5.005844593048096,250,4,-6.97650010127618
2,0,120,240,37345.902054235805,0,186969,5.006412744522095,248,5,-4.881421293643944
2,0,120,237,32817.726381690816,0,164280,5.005831241607666,247,6,-3.1260771041859465
2,0,120,234,25051.65672843137,0,125414,5.006215810775757,246,7,-1.403819548576473
2,0,120,231,25049.550277062932,0,125426,5.007115840911865,245,7,-0.9390762960166326
2,0,120,228,22269.37369822044,0,111493,5.006561994552612,244,8,-0.6551099460448142
2,0,120,225,19505.289383150957,0,97646,5.006129264831543,243,9,-0.46032210814937624
2,0,120,222,16870.982522562856,0,84457,5.006051063537598,242,10,-0.3175001464626417
2,0,120,219,12430.55928724307,0,62223,5.005647659301758,242,10,-0.14612886650647905
2,0,120,216,12428.255018233729,0,62230,5.007138967514038,241,11,-0.08068791881387694
2,0,120,213,10587.135240447824,0,53005,5.006547927856445,240,12,-0.031179137667611823
2,0,120,210,9286.413565520106,0,46489,5.006130695343018,240,12,0.0004552051608865959
2,0,120,207,7898.951692933415,0,39546,5.006487131118774,239,13,0.02549118036151321
2,0,120,204,6328.583469968809,0,31683,5.006333589553833,239,13,0.05349108873819808
2,0,120,201,5428.380890054912,0,27177,5.006465196609497,238,14,0.0748042434848295
2,0,120,198,4762.638162278586,0,23840,5.005629062652588,238,14,0.08931516981072418
2,0,120,195,4093.524042959541,0,20492,5.005955696105957,237,15,0.10073448677802688
2,0,120,192,3742.3468877381706,0,18732,5.005415201187134,237,15,0.10564060367821493
2,0,120,189,3135.2648650461047,0,15695,5.005956649780273,237,16,0.11143318979563432
2,0,120,186,2784.4841713895557,0,13941,5.006672382354736,237,16,0.1147544739810552
2,0,120,183,1764.7993360787489,0,8835,5.006234884262085,236,16,0.13075582642756534
2,0,120,180,1211.2450863608865,0,6063,5.0055930614471436,236,17,0.15093993834268826
2,0,120,177,722.5334361559775,0,3617,5.0059967041015625,236,17,0.17507547884925434
2,0,120,174,486.44611326510153,0,2435,5.005693197250366,236,17,0.19884898729863998
2,0,120,171,295.4329965388379,0,1479,5.006211280822754,236,17,0.222230305934773
2,0,120,168,193.9677827300547,0,971,5.005985975265503,236,17,0.24406142812880494
2,0,120,165,136.85076712639744,0,685,5.005452394485474,236,17,0.2640158813156289
2,0,120,162,113.64783565629038,0,569,5.006694555282593,236,17,0.2818567861503114
2,0,120,159,83.49218464601523,0,418,5.006456613540649,236,17,0.29816912592965783
2,0,120,156,63.3272740331738,0,317,5.005742073059082,236,17,0.3130634739587419
2,0,120,153,53.34788719096212,0,267,5.004884243011475,236,17,0.32657408510165176
2,0,120,150,34.56653700664954,0,173,5.00484037399292,236,17,0.3391533589035286
2,0,120,147,22.77766386711944,0,114,5.004903078079224,236,17,0.3508198883685677
2,0,120,144,19.78186086728678,0,99,5.004584789276123,236,17,0.36150334100510073
2,0,120,141,21.17494631086295,0,106,5.005915880203247,236,17,0.3712147072415076
2,0,120,138,16.379957290457227,0,82,5.006118059158325,236,17,0.3802369531642512
2,0,120,135,5.59497955678465,0,28,5.004486560821533,236,17,0.38884386420553263
2,0,120,132,6.390234345410534,0,32,5.007641077041626,236,17,0.39677881991513364
2,0,120,129,4.9930259839476685,0,25,5.006983757019043,236,17,0.40417723418758245
2,0,120,126,2.996692303017128,0,15,5.005518913269043,236,17,0.4111192595817691
2,0,120,123,3.196256977314669,0,16,5.005855321884155,236,17,0.41758655091347663
2,0,120,120,3.9949899561002047,0,20,5.006270408630371,236,17,0.4236030793632237
2,0,120,117,2.1975071575509006,0,11,5.005671977996826,236,17,0.42929764912385027
2,0,120,114,1.5977041048572551,0,8,5.007184982299805,236,17,0.434664471301314
2,0,120,111,0.19975424483913923,0,1,5.006151437759399,236,17,0.4397646838472433
2,0,120,108,0.5992969273422527,0,3,5.005865812301636,236,17,0.44455908618694784
2,0,120,105,0.1997787351283633,0,1,5.005537748336792,236,17,0.44910243567603514
2,0,120,102,0.0,0,0,5.006213903427124,236,17,0.44910243567603514
2,0,120,99,0.19978256049426643,0,1,5.005441904067993,236,17,0.4534004980868599
2,1,120,255,20337.90556744272,0,101788,5.0048418045043945,,,
2,1,120,252,17013.05239491463,0,85169,5.0060975551605225,,,
2,1,120,249,13831.764641113206,0,69245,5.006230354309082,,,
2,1,120,246,12371.610330550579,0,61915,5.004603147506714,,,
2,1,120,243,9973.920545870898,0,49923,5.005353689193726,250,4,-1.5723627133042903
2,1,120,240,8219.710195576892,0,41146,5.005772590637207,249,5,-0.8936358424001543
2,1,120,237,6464.063845531857,0,32356,5.005519866943359,248,6,-0.5020751806126134
2,1,120,234,5294.377057066344,0,26500,5.005310297012329,247,6,-0.3187643249271137
2,1,120,231,4434.777951017061,0,22193,5.004309177398682,247,7,-0.2436534090791218
2,1,120,228,3533.42992750483,0,17685,5.005051851272583,246,8,-0.1979777374093652
2,1,120,225,2819.1284351426334,0,14113,5.006157159805298,245,8,-0.1700234953705848
2,1,120,222,2393.5060037044072,0,11980,5.005209922790527,245,9,-0.1673496483563759
2,1,120,219,1952.9425330607437,0,9778,5.006803750991821,244,10,-0.16984231369740121
2,1,120,216,1494.3356857961112,0,7480,5.005568742752075,244,10,-0.16408415982856073
2,1,120,213,1199.6092519882397,0,6005,5.005796670913696,244,11,-0.1593966509217346
2,1,120,210,968.5291993133889,0,4848,5.005527973175049,243,11,-0.15553850909643852
2,1,120,207,725.6095339101929,0,3632,5.005446910858154,243,11,-0.145469806523836
2,1,120,204,537.1074965667882,0,2689,5.006446599960327,243,12,-0.1308624631797286
2,1,120,201,422.0858252250183,0,2113,5.006090879440308,243,12,-0.1166245427184851
2,1,120,198,341.44350476358875,0,1709,5.005220413208008,243,12,-0.10389124681773554
2,1,120,195,245.2733084047475,0,1228,5.006659746170044,243,12,-0.08809248566018923
2,1,120,192,196.74842044626774,0,985,5.0063934326171875,242,12,-0.07352284152405675
2,1,120,189,197.98258424210093,0,991,5.005490779876709,242,13,-0.0657262038173203
2,1,120,186,145.43806710877467,0,728,5.0055670738220215,242,13,-0.0555491879589205
2,1,120,183,119.06787092722804,0,596,5.005548477172852,242,13,-0.04587451443654289
2,1,120,180,82.71598447869393,0,414,5.005078554153442,242,13,-0.0340868972652415
2,1,120,177,60.530067872310724,0,303,5.005776643753052,242,13,-0.021735515562457453
2,1,120,174,38.553134772074486,0,193,5.006078004837036,242,13,-0.008133620720746748
2,1,120,171,28.56985737494097,0,143,5.005275249481201,242,13,0.005034090089904741
2,1,120,168,15.979787833591754,0,80,5.006324291229248,242,13,0.01875475399683446
2,1,120,165,17.1783586389903,0,86,5.006299018859863,242,13,0.030494659989460215
2,1,120,162,10.786479045812783,0,54,5.006267547607422,242,13,0.04216279530306777
2,1,120,159,8.389890854263479,0,42,5.006024599075317,242,13,0.053095268437680976
2,1,120,156,4.7942696969878815,0,24,5.00597620010376,242,13,0.06378176547629388
2,1,120,153,3.3955462793585625,0,17,5.006558179855347,242,13,0.0738440748000827
2,1,120,150,2.596705258835204,0,13,5.0063440799713135,242,13,0.08325363023161758
2,1,120,147,1.5981267380011777,0,8,5.005860805511475,242,13,0.09217547220562916
2,1,120,144,0.39952839253629513,0,2,5.005902051925659,242,13,0.1007695628042955
2,1,120,141,0.19976058091157853,0,1,5.005992650985718,242,13,0.10882160846650979
2,1,120,138,0.0,0,0,5.005523920059204,242,13,0.10882160846650979
2,1,120,135,0.0,0,0,5.005956649780273,242,13,0.10882160846650979
2,1,120,132,0.39954881119981606,0,2,5.005646228790283,242,13,0.11625364715391784
2,1,120,129,0.0,0,0,5.006168603897095,242,13,0.11625364715391784
2,1,120,126,0.0,0,0,5.006244659423828,242,13,0.11625364715391784
2,1,120,123,0.0,0,0,5.005483150482178,242,13,0.11625364715391784
2,1,120,120,0.0,0,0,5.005714654922485,242,13,0.11625364715391784
2,1,120,117,0.0,0,0,5.0058910846710205,242,13,0.11625364715391784
2,1,120,114,0.0,0,0,5.006212949752808,242,13,0.11625364715391784
2,1,120,111,0.0,0,0,5.005565881729126,242,13,0.11625364715391784
2,1,120,108,0.0,0,0,5.0060319900512695,242,13,0.11625364715391784
2,1,120,105,0.0,0,0,5.006046533584595,242,13,0.11625364715391784
2,1,120,102,0.0,0,0,5.00601053237915,242,13,0.11625364715391784
2,1,120,99,0.0,0,0,5.005637884140015,242,13,0.11625364715391784
2,1,120,96,0.0,0,0,5.00623631477356,242,13,0.11625364715391784
2,1,120,93,0.0,0,0,5.005773544311523,242,13,0.11625364715391784
2,1,120,90,0.0,0,0,5.005448579788208,242,13,0.11625364715391784
2,1,120,87,0.0,0,0,5.006617307662964,242,13,0.11625364715391784
2,1,120,84,0.0,0,0,5.005067825317383,242,13,0.11625364715391784
2,1,120,81,0.0,0,0,5.006147384643555,242,13,0.11625364715391784
2,1,120,78,0.0,0,0,5.005579948425293,242,13,0.11625364715391784
2,1,120,75,0.0,0,0,5.005217552185059,242,13,0.11625364715391784
2,1,120,72,0.0,0,0,5.005722999572754,242,13,0.11625364715391784
2,1,120,69,0.0,0,0,5.005688905715942,242,13,0.11625364715391784
2,1,120,66,0.0,0,0,5.005744695663452,242,13,0.11625364715391784
2,1,120,63,0.0,0,0,5.0051915645599365,242,13,0.11625364715391784
2,1,120,60,0.0,0,0,5.005046367645264,242,13,0.11625364715391784
2,1,120,57,0.0,0,0,5.006731271743774,242,13,0.11625364715391784
2,1,120,54,0.0,0,0,5.0066328048706055,242,13,0.11625364715391784
2,1,120,51,0.0,0,0,5.006360054016113,242,13,0.11625364715391784
2,1,120,48,0.0,0,0,5.005994558334351,242,13,0.11625364715391784
2,1,120,45,0.0,0,0,5.006032705307007,242,13,0.11625364715391784
2,1,120,42,0.0,0,0,5.005768060684204,242,13,0.11625364715391784
2,1,120,39,0.0,0,0,5.006117820739746,242,13,0.11625364715391784
2,1,120,36,0.0,0,0,5.004925489425659,242,13,0.11625364715391784
2,1,120,33,0.0,0,0,5.005862712860107,242,13,0.11625364715391784
2,1,120,30,0.0,0,0,5.005582332611084,242,13,0.11625364715391784
2,1,120,27,0.0,0,0,5.005934953689575,242,13,0.11625364715391784
2,1,120,24,0.0,0,0,5.005885124206543,242,13,0.11625364715391784
2,1,120,21,0.0,0,0,5.006314516067505,242,13,0.11625364715391784
2,1,120,18,0.0,0,0,5.006261825561523,242,13,0.11625364715391784
2,1,120,15,0.0,0,0,5.006206274032593,242,13,0.11625364715391784
2,1,120,12,0.0,0,0,5.006307125091553,242,13,0.11625364715391784
2,1,120,9,0.0,0,0,5.005189418792725,242,13,0.11625364715391784
2,1,120,6,0.0,0,0,5.006492853164673,242,13,0.11625364715391784
2,1,120,3,0.0,0,0,5.005406856536865,242,13,0.11625364715391784
2,1,120,0,0.0,0,0,5.005983352661133,242,13,0.11625364715391784
2,2,120,255,0.0,0,0,5.006136178970337,,,
2,2,120,252,0.0,0,0,5.0055317878723145,,,
2,2,120,249,0.0,0,0,5.005586624145508,,,
2,2,120,246,0.0,0,0,5.006096839904785,,,
2,2,120,243,0.0,0,0,5.00633978843689,,,
2,2,120,240,0.0,0,0,5.005943775177002,,,
2,2,120,237,0.0,0,0,5.005512952804565,,,
2,2,120,234,0.0,0,0,5.005293369293213,,,
2,2,120,231,0.0,0,0,5.006128787994385,,,
2,2,120,228,0.0,0,0,5.00610089302063,,,
2,2,120,225,0.0,0,0,5.005696773529053,,,
2,2,120,222,0.0,0,0,5.006526470184326,,,
2,2,120,219,0.19974359048845577,0,1,5.006418466567993,,,
2,2,120,216,0.0,0,0,5.006004571914673,,,
2,2,120,213,0.19976064750906908,0,1,5.005990982055664,,,
2,2,120,210,3.5953825741353422,0,18,5.006421327590942,,,
2,2,120,207,11.585452113344536,0,58,5.0062785148620605,,,
2,2,120,204,32.160010690747136,0,161,5.0062172412872314,205,2,0.7736588657506358
2,2,120,201,112.27482023969438,0,562,5.005574703216553,202,2,0.6846133066236219
2,2,120,198,270.06721168116263,0,1352,5.006161212921143,200,2,0.7172405176191903
2,2,120,195,727.2846310693228,0,3641,5.006293058395386,197,3,0.6233424328447048
2,2,120,192,1699.0587412596074,0,8505,5.0057127475738525,194,3,0.6291215088074351
2,2,120,189,2317.5151955518777,0,11602,5.006223917007446,192,3,0.7929809409158334
2,2,120,186,4514.821358069896,0,22601,5.005956649780273,189,4,0.5509588775461399
2,2,120,183,9829.23797666357,0,49206,5.00608491897583,186,4,0.33752540266567144
2,2,120,180,18971.43556238449,0,94978,5.006368637084961,183,4,0.3891553888093081
2,2,120,177,33802.342472980454,0,169256,5.007226943969727,180,4,0.4583162214679791
2,2,120,174,50729.008926467824,0,254006,5.007115364074707,178,4,0.5736267172077898
2,2,120,171,73049.36825362396,0,365666,5.005738019943237,175,5,0.6042849498432441
2,2,120,168,93257.84768161543,0,466787,5.005337476730347,173,5,0.6692674093029058
2,2,120,165,99534.36945867163,0,498308,5.006391286849976,171,6,0.7899488755727657
2,2,120,162,93427.89265099629,0,467723,5.006245851516724,169,6,0.8643711364710841
2,2,120,159,70889.50664152365,0,354864,5.005874872207642,168,7,0.9197470203662973
2,2,120,156,46716.315618641354,0,233871,5.006195306777954,167,7,0.9609623935124583
2,2,120,153,27446.66623173116,0,137415,5.006618976593018,166,8,0.983897434229633
2,2,120,150,14802.772883461836,0,74114,5.006764650344849,166,8,0.9925837420261767
2,2,120,147,7933.657100821754,0,39717,5.006140232086182,166,8,0.9942314745787955
2,2,120,144,4065.1181411559573,0,20350,5.006004571914673,166,8,0.993413940361632
2,2,120,141,2373.5120401988147,0,11882,5.006083726882935,165,8,0.9919287263012145
2,2,120,138,1278.5210339891405,0,6401,5.006566047668457,165,8,0.9906199276648252
2,2,120,135,641.6454099299858,0,3212,5.005880117416382,165,8,0.9897599444488216
2,2,120,132,336.24498822549396,0,1683,5.005279064178467,165,9,0.989238373013028
2,2,120,129,170.00252116117443,0,851,5.005808115005493,165,9,0.9889773016654516
2,2,120,126,153.21902177865604,0,767,5.005905866622925,165,9,0.9886718449001697
2,2,120,123,75.90568759433529,0,380,5.006212472915649,165,9,0.9885551004015766
2,2,120,120,43.948537624433364,0,220,5.005854845046997,165,9,0.9885195923561658
2,2,120,117,19.775229477732154,0,99,5.006263017654419,165,9,0.9885635113669831
2,2,120,114,8.790531058473068,0,44,5.005385875701904,165,9,0.988644433754925
2,2,120,111,8.988456863391644,0,45,5.006421089172363,165,9,0.9887096023104757
2,2,120,108,2.996329940453509,0,15,5.006124258041382,165,9,0.9888002450664224
2,2,120,105,1.5981867953099818,0,8,5.0056726932525635,165,9,0.9888914158037778
2,2,120,102,0.99886184679551,0,5,5.005697250366211,165,9,0.988979336265799
2,2,120,99,0.3995058259662918,0,2,5.006184816360474,165,9,0.9890654721478723
2,2,120,96,0.0,0,0,5.006155490875244,165,9,0.9890654721478723
2,2,120,93,0.19974351439003898,0,1,5.006420373916626,165,9,0.9891473313063995
2,2,120,90,0.0,0,0,5.005577087402344,165,9,0.9891473313063995
2,2,120,87,0.0,0,0,5.006338119506836,165,9,0.9891473313063995
2,2,120,84,0.19974434196343505,0,1,5.006399631500244,165,9,0.9892234898576987
2,2,120,81,0.0,0,0,5.005497694015503,165,9,0.9892234898576987
2,2,120,78,0.0,0,0,5.006030559539795,165,9,0.9892234898576987
2,2,120,75,0.0,0,0,5.005927562713623,165,9,0.9892234898576987
2,2,120,72,0.0,0,0,5.005875825881958,165,9,0.9892234898576987
2,2,120,69,0.0,0,0,5.005551099777222,165,9,0.9892234898576987
2,2,120,66,0.0,0,0,5.006013870239258,165,9,0.9892234898576987
2,2,120,63,0.0,0,0,5.005867958068848,165,9,0.9892234898576987
2,2,120,60,0.0,0,0,5.00544810295105,165,9,0.9892234898576987
2,2,120,57,0.0,0,0,5.006192445755005,165,9,0.9892234898576987
2,2,120,54,0.0,0,0,5.006300449371338,165,9,0.9892234898576987
2,2,120,51,0.0,0,0,5.006755113601685,165,9,0.9892234898576987
2,2,120,48,0.0,0,0,5.006279468536377,165,9,0.9892234898576987
2,2,120,45,0.0,0,0,5.006321430206299,165,9,0.9892234898576987
2,2,120,42,0.0,0,0,5.006536245346069,165,9,0.9892234898576987
2,2,120,39,0.0,0,0,5.005979537963867,165,9,0.9892234898576987
2,2,120,36,0.0,0,0,5.005157709121704,165,9,0.9892234898576987
2,2,120,33,0.0,0,0,5.0052878856658936,165,9,0.9892234898576987
2,2,120,30,0.0,0,0,5.006508111953735,165,9,0.9892234898576987
2,2,120,27,0.0,0,0,5.005540132522583,165,9,0.9892234898576987
2,2,120,24,0.0,0,0,5.006644010543823,165,9,0.9892234898576987
2,2,120,21,0.0,0,0,5.006251335144043,165,9,0.9892234898576987
2,2,120,18,0.0,0,0,5.005767583847046,165,9,0.9892234898576987
2,2,120,15,0.0,0,0,5.005297899246216,165,9,0.9892234898576987
2,2,120,12,0.0,0,0,5.0053722858428955,165,9,0.9892234898576987
2,2,120,9,0.0,0,0,5.005828380584717,165,9,0.9892234898576987
2,2,120,6,0.0,0,0,5.006894111633301,165,9,0.9892234898576987
2,2,120,3,0.0,0,0,5.0062408447265625,165,9,0.9892234898576987
2,2,120,0,0.0,0,0,5.005374908447266,165,9,0.9892234898576987
3,0,100,255,44276.203433056515,0,221694,5.007068872451782,,,
3,0,100,252,98945.16142057936,0,495274,5.005540370941162,,,
3,0,100,249,132226.8906782408,0,662045,5.00688624382019,,,
3,0,100,246,150030.10565906618,0,751096,5.0063018798828125,,,
3,0,100,243,158210.5616715883,0,792055,5.006334543228149,248,4,0.0953014107749448
3,0,100,240,91301.93402403475,0,457052,5.005939960479736,247,4,0.48416655849754453
3,0,100,237,19678.905477902303,0,98521,5.006426811218262,246,5,0.8049153133210551
3,0,100,234,2504.227359507469,0,12538,5.0067338943481445,246,5,0.879612958722312
3,0,100,231,2507.848376085675,0,12555,5.006283521652222,246,5,0.9154356362705574
3,0,100,228,260.0664644418893,0,1302,5.006412506103516,246,5,0.929254822130082
3,0,100,225,23.970761676612483,0,120,5.006098747253418,246,5,0.9370850239952127
3,0,100,222,2.996320950294967,0,15,5.006139278411865,246,5,0.9423327410837453
3,0,100,219,1.9974039440487414,0,10,5.006498575210571,246,5,0.9461369492653277
3,0,100,216,0.9987916782536995,0,5,5.006048917770386,246,5,0.9490174192445778
3,0,100,213,0.5993261284775971,0,3,5.005621910095215,246,5,0.9512751348975018
3,0,100,210,1.798266689164411,0,9,5.004819393157959,246,5,0.9531109413176202
3,0,100,207,0.5993510501720306,0,3,5.005413770675659,246,5,0.954609789206661
3,0,100,204,0.39955581453990063,0,2,5.005558490753174,246,5,0.9558633252877137
3,0,100,201,0.39948689560794376,0,2,5.00642204284668,246,5,0.9569295824139972
3,0,100,198,0.19976467198270165,0,1,5.005890130996704,246,5,0.9578439718871974
3,0,100,195,0.0,0,0,5.0063090324401855,246,5,0.9578439718871974
3,0,100,192,0.0,0,0,5.005450963973999,246,5,0.9578439718871974
3,0,100,189,0.19978160889702015,0,1,5.005465745925903,246,5,0.9586406516458181
3,0,100,186,0.0,0,0,5.004624843597412,246,5,0.9586406516458181
3,0,100,183,0.0,0,0,5.005935430526733,246,5,0.9586406516458181
3,0,100,180,0.0,0,0,5.006749868392944,246,5,0.9586406516458181
3,0,100,177,0.0,0,0,5.005342483520508,246,5,0.9586406516458181
3,0,100,174,0.0,0,0,5.005457878112793,246,5,0.9586406516458181
3,0,100,171,0.0,0,0,5.006014585494995,246,5,0.9586406516458181
3,0,100,168,0.0,0,0,5.006543874740601,246,5,0.9586406516458181
3,0,100,165,0.0,0,0,5.006268501281738,246,5,0.9586406516458181
3,0,100,162,0.0,0,0,5.005573511123657,246,5,0.9586406516458181
3,0,100,159,0.0,0,0,5.005754709243774,246,5,0.9586406516458181
3,0,100,156,0.0,0,0,5.005615472793579,246,5,0.9586406516458181
3,0,100,153,0.0,0,0,5.005117654800415,246,5,0.9586406516458181
3,0,100,150,0.0,0,0,5.0059120655059814,246,5,0.9586406516458181
3,0,100,147,0.0,0,0,5.005990266799927,246,5,0.9586406516458181
3,0,100,144,0.0,0,0,5.005998134613037,246,5,0.9586406516458181
3,0,100,141,0.0,0,0,5.006189346313477,246,5,0.9586406516458181
3,0,100,138,0.0,0,0,5.005379676818848,246,5,0.9586406516458181
3,0,100,135,0.0,0,0,5.0063796043396,246,5,0.9586406516458181
3,0,100,132,0.0,0,0,5.005980014801025,246,5,0.9586406516458181
3,0,100,129,0.0,0,0,5.005572319030762,246,5,0.9586406516458181
3,0,100,126,0.0,0,0,5.0056867599487305,246,5,0.9586406516458181
3,0,100,123,0.0,0,0,5.005841493606567,246,5,0.9586406516458181
3,0,100,120,0.0,0,0,5.005709171295166,246,5,0.9586406516458181
3,0,100,117,0.0,0,0,5.0061256885528564,246,5,0.9586406516458181
3,0,100,114,0.0,0,0,5.006081819534302,246,5,0.9586406516458181
3,0,100,111,0.0,0,0,5.005742073059082,246,5,0.9586406516458181
3,0,100,108,0.0,0,0,5.00562596321106,246,5,0.9586406516458181
3,0,100,105,0.0,0,0,5.0058934688568115,246,5,0.9586406516458181
3,0,100,102,0.0,0,0,5.006514072418213,246,5,0.9586406516458181
3,0,100,99,0.0,0,0,5.00640869140625,246,5,0.9586406516458181
3,0,100,96,0.0,0,0,5.0065834522247314,246,5,0.9586406516458181
3,0,100,93,0.0,0,0,5.006062030792236,246,5,0.9586406516458181
3,0,100,90,0.0,0,0,5.0056540966033936,246,5,0.9586406516458181
3,0,100,87,0.0,0,0,5.00569748878479,246,5,0.9586406516458181
3,0,100,84,0.0,0,0,5.006006240844727,246,5,0.9586406516458181
3,0,100,81,0.0,0,0,5.005667448043823,246,5,0.9586406516458181
3,0,100,78,0.0,0,0,5.006675481796265,246,5,0.9586406516458181
3,0,100,75,0.0,0,0,5.0061869621276855,246,5,0.9586406516458181
3,0,100,72,0.0,0,0,5.005751371383667,246,5,0.9586406516458181
3,0,100,69,0.0,0,0,5.005496263504028,246,5,0.9586406516458181
3,0,100,66,0.0,0,0,5.006361246109009,246,5,0.9586406516458181
3,0,100,63,0.0,0,0,5.0065178871154785,246,5,0.9586406516458181
3,0,100,60,0.0,0,0,5.005378723144531,246,5,0.9586406516458181
3,0,100,57,0.0,0,0,5.005694627761841,246,5,0.9586406516458181
3,0,100,54,0.0,0,0,5.006133317947388,246,5,0.9586406516458181
3,0,100,51,0.0,0,0,5.0061585903167725,246,5,0.9586406516458181
3,0,100,48,0.0,0,0,5.005903244018555,246,5,0.9586406516458181
3,0,100,45,0.0,0,0,5.005991220474243,246,5,0.9586406516458181
3,0,100,42,0.0,0,0,5.006383419036865,246,5,0.9586406516458181
3,0,100,39,0.0,0,0,5.005991697311401,246,5,0.9586406516458181
3,0,100,36,0.0,0,0,5.005951166152954,246,5,0.9586406516458181
3,0,100,33,0.0,0,0,5.006693124771118,246,5,0.9586406516458181
3,0,100,30,0.0,0,0,5.0059943199157715,246,5,0.9586406516458181
3,0,100,27,0.0,0,0,5.006895065307617,246,5,0.9586406516458181
3,0,100,24,0.0,0,0,5.006498336791992,246,5,0.9586406516458181
3,0,100,21,0.0,0,0,5.005941390991211,246,5,0.9586406516458181
3,0,100,18,0.0,0,0,5.006476402282715,246,5,0.9586406516458181
3,0,100,15,0.0,0,0,5.006613254547119,246,5,0.9586406516458181
3,0,100,12,0.0,0,0,5.006126642227173,246,5,0.9586406516458181
3,0,100,9,0.0,0,0,5.005611419677734,246,5,0.9586406516458181
3,0,100,6,0.0,0,0,5.006465911865234,246,5,0.9586406516458181
3,0,100,3,0.0,0,0,5.0063087940216064,246,5,0.9586406516458181
3,0,100,0,0.0,0,0,5.006137371063232,246,5,0.9586406516458181
3,1,100,255,109455.47388690063,0,548025,5.006830453872681,,,
3,1,100,252,128386.28871623633,0,642840,5.007076740264893,,,
3,1,100,249,152672.86172902116,0,764419,5.006908178329468,,,
3,1,100,246,125024.15396175985,0,625961,5.006720542907715,,,
3,1,100,243,46479.95509645065,0,232696,5.006373167037964,250,4,0.304692278794788
3,1,100,240,9976.186230530328,0,49946,5.0065224170684814,250,4,0.764030241061552
3,1,100,237,1339.3177038690892,0,6705,5.006280422210693,249,4,0.8503689476609301
3,1,100,234,90.09828696518417,0,451,5.0056445598602295,249,4,0.8816899182208143
3,1,100,231,7.991369413097513,0,40,5.005399942398071,249,4,0.8980676841694163
3,1,100,228,1.1986818313410574,0,6,5.00549840927124,249,4,0.908205746688254
3,1,100,225,0.599242243525693,0,3,5.006322622299194,249,4,0.9151133094855609
3,1,100,222,0.5992889068051843,0,3,5.005932807922363,249,4,0.920126651472239
3,1,100,219,0.39950890826482016,0,2,5.006146192550659,249,4,0.9239289014558976
3,1,100,216,0.39953082820386043,0,2,5.005871534347534,249,4,0.9269144149287754
3,1,100,213,0.3994983297103442,0,2,5.00627875328064,249,4,0.9293220078285119
3,1,100,210,0.5992167316310786,0,3,5.006535768508911,249,4,0.9313119127902872
3,1,100,207,0.19976200801038077,0,1,5.0059568881988525,249,4,0.9329689476140915
3,1,100,204,0.19975470147956834,0,1,5.0061399936676025,249,4,0.9343781963917852
3,1,100,201,0.0,0,0,5.006521701812744,249,4,0.9343781963917852
3,1,100,198,0.1997813043878159,0,1,5.005473375320435,249,4,0.9355930827344872
3,1,100,195,0.199757089362482,0,1,5.006080150604248,249,4,0.9366511058013429
3,1,100,192,0.19977569016569463,0,1,5.0056140422821045,249,4,0.9375814075732798
3,1,100,189,0.19981011316512198,0,1,5.004751682281494,249,4,0.9384063954171064
3,1,100,186,0.0,0,0,5.006047248840332,249,4,0.9384063954171064
3,1,100,183,0.0,0,0,5.005535364151001,249,4,0.9384063954171064
3,1,100,180,0.0,0,0,5.006579637527466,249,4,0.9384063954171064
3,1,100,177,0.0,0,0,5.00542140007019,249,4,0.9384063954171064
3,1,100,174,0.0,0,0,5.006110429763794,249,4,0.9384063954171064
3,1,100,171,0.0,0,0,5.006333827972412,249,4,0.9384063954171064
3,1,100,168,0.0,0,0,5.006117105484009,249,4,0.9384063954171064
3,1,100,165,0.0,0,0,5.006608009338379,249,4,0.9384063954171064
3,1,100,162,0.0,0,0,5.0056071281433105,249,4,0.9384063954171064
3,1,100,159,0.0,0,0,5.005950212478638,249,4,0.9384063954171064
3,1,100,156,0.0,0,0,5.0061726570129395,249,4,0.9384063954171064
3,1,100,153,0.0,0,0,5.005794048309326,249,4,0.9384063954171064
3,1,100,150,0.0,0,0,5.005690574645996,249,4,0.9384063954171064
3,1,100,147,0.0,0,0,5.0046937465667725,249,4,0.9384063954171064
3,1,100,144,0.0,0,0,5.006304979324341,249,4,0.9384063954171064
3,1,100,141,0.0,0,0,5.005988121032715,249,4,0.9384063954171064
3,1,100,138,0.0,0,0,5.00708532333374,249,4,0.9384063954171064
3,1,100,135,0.0,0,0,5.0051398277282715,249,4,0.9384063954171064
3,1,100,132,0.0,0,0,5.00522780418396,249,4,0.9384063954171064
3,1,100,129,0.0,0,0,5.005989074707031,249,4,0.9384063954171064
3,1,100,126,0.0,0,0,5.006183385848999,249,4,0.9384063954171064
3,1,100,123,0.0,0,0,5.005760908126831,249,4,0.9384063954171064
3,1,100,120,0.0,0,0,5.005452632904053,249,4,0.9384063954171064
3,1,100,117,0.0,0,0,5.005475282669067,249,4,0.9384063954171064
3,1,100,114,0.0,0,0,5.006225347518921,249,4,0.9384063954171064
3,1,100,111,0.0,0,0,5.006502628326416,249,4,0.9384063954171064
3,1,100,108,0.0,0,0,5.005359172821045,249,4,0.9384063954171064
3,1,100,105,0.0,0,0,5.005776882171631,249,4,0.9384063954171064
3,1,100,102,0.0,0,0,5.006684303283691,249,4,0.9384063954171064
3,1,100,99,0.0,0,0,5.006415605545044,249,4,0.9384063954171064
3,1,100,96,0.0,0,0,5.005328178405762,249,4,0.9384063954171064
3,1,100,93,0.0,0,0,5.005769968032837,249,4,0.9384063954171064
3,1,100,90,0.0,0,0,5.006394386291504,249,4,0.9384063954171064
3,1,100,87,0.0,0,0,5.00562047958374,249,4,0.9384063954171064
3,1,100,84,0.0,0,0,5.005977392196655,249,4,0.9384063954171064
3,1,100,81,0.0,0,0,5.006350517272949,249,4,0.9384063954171064
3,1,100,78,0.0,0,0,5.005820274353027,249,4,0.9384063954171064
3,1,100,75,0.0,0,0,5.005181074142456,249,4,0.9384063954171064
3,1,100,72,0.0,0,0,5.006277561187744,249,4,0.9384063954171064
3,1,100,69,0.0,0,0,5.005008935928345,249,4,0.9384063954171064
3,1,100,66,0.0,0,0,5.006328344345093,249,4,0.9384063954171064
3,1,100,63,0.0,0,0,5.005929470062256,249,4,0.9384063954171064
3,1,100,60,0.0,0,0,5.006128787994385,249,4,0.9384063954171064
3,1,100,57,0.0,0,0,5.005486011505127,249,4,0.9384063954171064
3,1,100,54,0.0,0,0,5.005951642990112,249,4,0.9384063954171064
3,1,100,51,0.0,0,0,5.005615472793579,249,4,0.9384063954171064
3,1,100,48,0.0,0,0,5.005996942520142,249,4,0.9384063954171064
3,1,100,45,0.0,0,0,5.006220102310181,249,4,0.9384063954171064
3,1,100,42,0.0,0,0,5.006561279296875,249,4,0.9384063954171064
3,1,100,39,0.0,0,0,5.0059075355529785,249,4,0.9384063954171064
3,1,100,36,0.0,0,0,5.006133556365967,249,4,0.9384063954171064
3,1,100,33,0.0,0,0,5.006018400192261,249,4,0.9384063954171064
3,1,100,30,0.0,0,0,5.0049848556518555,249,4,0.9384063954171064
3,1,100,27,0.0,0,0,5.006075382232666,249,4,0.9384063954171064
3,1,100,24,0.0,0,0,5.006273508071899,249,4,0.9384063954171064
3,1,100,21,0.0,0,0,5.006213903427124,249,4,0.9384063954171064
3,1,100,18,0.0,0,0,5.00586199760437,249,4,0.9384063954171064
3,1,100,15,0.0,0,0,5.006139755249023,249,4,0.9384063954171064
3,1,100,12,0.0,0,0,5.006350755691528,249,4,0.9384063954171064
3,1,100,9,0.0,0,0,5.0065248012542725,249,4,0.9384063954171064
3,1,100,6,0.0,0,0,5.006198167800903,249,4,0.9384063954171064
3,1,100,3,0.0,0,0,5.0061657428741455,249,4,0.9384063954171064
3,1,100,0,0.0,0,0,5.005084753036499,249,4,0.9384063954171064
3,2,100,255,142657.85257313203,0,714101,5.005690097808838,,,
3,2,100,252,69514.21718107344,0,348031,5.006616115570068,,,
3,2,100,249,15832.415129028452,0,79260,5.006185054779053,,,
3,2,100,246,1759.5363858126798,0,8807,5.005295753479004,,,
3,2,100,243,180.35898836660454,0,903,5.006681442260742,254,2,0.855509993812553
3,2,100,240,16.17937722527462,0,81,5.006373167037964,254,2,0.8704776626446022
3,2,100,237,2.1974000888631364,0,11,5.005915880203247,254,2,0.8795417756114349
3,2,100,234,1.5978907389961419,0,8,5.0066001415252686,254,2,0.8855375015143246
3,2,100,231,1.5982505112297158,0,8,5.0054731369018555,254,2,0.8897824832694008
3,2,100,228,0.5992831412848343,0,3,5.005980968475342,254,2,0.8929743286078113
3,2,100,225,0.7989735248717965,0,4,5.006423711776733,254,2,0.8954349450514728
3,2,100,222,0.1997585639800452,0,1,5.006043195724487,254,2,0.8974176356539902
3,2,100,219,0.19982784797051986,0,1,5.004307508468628,254,2,0.8990346576633346
3,2,100,216,0.19976936264951373,0,1,5.005772590637207,254,2,0.9003777426511296
3,2,100,213,0.0,0,0,5.005807161331177,254,2,0.9003777426511296
3,2,100,210,0.0,0,0,5.005999565124512,254,2,0.9003777426511296
3,2,100,207,0.0,0,0,5.006057262420654,254,2,0.9003777426511296
3,2,100,204,0.0,0,0,5.005869388580322,254,2,0.9003777426511296
3,2,100,201,0.19976392035474433,0,1,5.005908966064453,254,2,0.9015048540765405
3,2,100,198,0.0,0,0,5.005998134613037,254,2,0.9015048540765405
3,2,100,195,0.0,0,0,5.0047266483306885,254,2,0.9015048540765405
3,2,100,192,0.0,0,0,5.006564140319824,254,2,0.9015048540765405
3,2,100,189,0.0,0,0,5.005934715270996,254,2,0.9015048540765405
3,2,100,186,0.0,0,0,5.00613260269165,254,2,0.9015048540765405
3,2,100,183,0.0,0,0,5.006422996520996,254,2,0.9015048540765405
3,2,100,180,0.0,0,0,5.006264925003052,254,2,0.9015048540765405
3,2,100,177,0.0,0,0,5.005954027175903,254,2,0.9015048540765405
3,2,100,174,0.0,0,0,5.0059850215911865,254,2,0.9015048540765405
3,2,100,171,0.0,0,0,5.005478143692017,254,2,0.9015048540765405
3,2,100,168,0.0,0,0,5.006458282470703,254,2,0.9015048540765405
3,2,100,165,0.0,0,0,5.005844593048096,254,2,0.9015048540765405
3,2,100,162,0.0,0,0,5.006019353866577,254,2,0.9015048540765405
3,2,100,159,0.0,0,0,5.005675554275513,254,2,0.9015048540765405
3,2,100,156,0.0,0,0,5.0051257610321045,254,2,0.9015048540765405
3,2,100,153,0.0,0,0,5.00639009475708,254,2,0.9015048540765405
3,2,100,150,0.0,0,0,5.00626015663147,254,2,0.9015048540765405
3,2,100,147,0.0,0,0,5.005995273590088,254,2,0.9015048540765405
3,2,100,144,0.0,0,0,5.006012678146362,254,2,0.9015048540765405
3,2,100,141,0.0,0,0,5.005515813827515,254,2,0.9015048540765405
3,2,100,138,0.0,0,0,5.005264043807983,254,2,0.9015048540765405
3,2,100,135,0.0,0,0,5.006250858306885,254,2,0.9015048540765405
3,2,100,132,0.0,0,0,5.0065343379974365,254,2,0.9015048540765405
3,2,100,129,0.0,0,0,5.005763530731201,254,2,0.9015048540765405
3,2,100,126,0.0,0,0,5.005157232284546,254,2,0.9015048540765405
3,2,100,123,0.0,0,0,5.006155967712402,254,2,0.9015048540765405
3,2,100,120,0.0,0,0,5.006285905838013,254,2,0.9015048540765405
3,2,100,117,0.0,0,0,5.00504994392395,254,2,0.9015048540765405
3,2,100,114,0.0,0,0,5.006357431411743,254,2,0.9015048540765405
3,2,100,111,0.0,0,0,5.005361318588257,254,2,0.9015048540765405
3,2,100,108,0.0,0,0,5.005516290664673,254,2,0.9015048540765405
3,2,100,105,0.0,0,0,5.006732940673828,254,2,0.9015048540765405
3,2,100,102,0.0,0,0,5.005626440048218,254,2,0.9015048540765405
3,2,100,99,0.0,0,0,5.005945920944214,254,2,0.9015048540765405
3,2,100,96,0.0,0,0,5.0061914920806885,254,2,0.9015048540765405
3,2,100,93,0.0,0,0,5.004819869995117,254,2,0.9015048540765405
3,2,100,90,0.0,0,0,5.00539231300354,254,2,0.9015048540765405
3,2,100,87,0.0,0,0,5.005971431732178,254,2,0.9015048540765405
3,2,100,84,0.0,0,0,5.0060999393463135,254,2,0.9015048540765405
3,2,100,81,0.0,0,0,5.006711959838867,254,2,0.9015048540765405
3,2,100,78,0.0,0,0,5.006202459335327,254,2,0.9015048540765405
3,2,100,75,0.0,0,0,5.00617527961731,254,2,0.9015048540765405
3,2,100,72,0.0,0,0,5.006878614425659,254,2,0.9015048540765405
3,2,100,69,0.0,0,0,5.006206274032593,254,2,0.9015048540765405
3,2,100,66,0.0,0,0,5.004408359527588,254,2,0.9015048540765405
3,2,100,63,0.0,0,0,5.005997896194458,254,2,0.9015048540765405
3,2,100,60,0.0,0,0,5.005948305130005,254,2,0.9015048540765405
3,2,100,57,0.0,0,0,5.005287170410156,254,2,0.9015048540765405
3,2,100,54,0.0,0,0,5.005848169326782,254,2,0.9015048540765405
3,2,100,51,0.0,0,0,5.006522178649902,254,2,0.9015048540765405
3,2,100,48,0.0,0,0,5.0061564445495605,254,2,0.9015048540765405
3,2,100,45,0.0,0,0,5.006253719329834,254,2,0.9015048540765405
3,2,100,42,0.0,0,0,5.005185127258301,254,2,0.9015048540765405
3,2,100,39,0.0,0,0,5.006255865097046,254,2,0.9015048540765405
3,2,100,36,0.0,0,0,5.006294250488281,254,2,0.9015048540765405
3,2,100,33,0.0,0,0,5.005519151687622,254,2,0.9015048540765405
3,2,100,30,0.0,0,0,5.006428003311157,254,2,0.9015048540765405
3,2,100,27,0.0,0,0,5.006120443344116,254,2,0.9015048540765405
3,2,100,24,0.0,0,0,5.005816459655762,254,2,0.9015048540765405
3,2,100,21,0.0,0,0,5.005699872970581,254,2,0.9015048540765405
3,2,100,18,0.0,0,0,5.006165504455566,254,2,0.9015048540765405
3,2,100,15,0.0,0,0,5.005841493606567,254,2,0.9015048540765405
3,2,100,12,0.0,0,0,5.005707502365112,254,2,0.9015048540765405
3,2,100,9,0.0,0,0,5.0056984424591064,254,2,0.9015048540765405
3,2,100,6,0.0,0,0,5.007156610488892,254,2,0.9015048540765405
3,2,100,3,0.0,0,0,5.005620718002319,254,2,0.9015048540765405
3,2,100,0,0.0,0,0,5.005526781082153,254,2,0.9015048540765405
