adc;energy_eV;energy_MeV;fit_a_eV_per_ADC;fit_b_eV
629.654384;284265.527359;0.284265527;301.805063948065;94232.645876
642.226460;288059.843678;0.288059844;301.805063948065;94232.645876
654.798536;291854.159996;0.291854160;301.805063948065;94232.645876
667.370613;295648.476314;0.295648476;301.805063948065;94232.645876
679.942689;299442.792633;0.299442793;301.805063948065;94232.645876
692.514765;303237.108951;0.303237109;301.805063948065;94232.645876
705.086842;307031.425270;0.307031425;301.805063948065;94232.645876
717.658918;310825.741588;0.310825742;301.805063948065;94232.645876
730.230995;314620.057906;0.314620058;301.805063948065;94232.645876
742.803071;318414.374225;0.318414374;301.805063948065;94232.645876
755.375147;322208.690543;0.322208691;301.805063948065;94232.645876
767.947224;326003.006862;0.326003007;301.805063948065;94232.645876
780.519300;329797.323180;0.329797323;301.805063948065;94232.645876
793.091377;333591.639498;0.333591639;301.805063948065;94232.645876
805.663453;337385.955817;0.337385956;301.805063948065;94232.645876
818.235529;341180.272135;0.341180272;301.805063948065;94232.645876
830.807606;344974.588454;0.344974588;301.805063948065;94232.645876
843.379682;348768.904772;0.348768905;301.805063948065;94232.645876
855.951759;352563.221090;0.352563221;301.805063948065;94232.645876
868.523835;356357.537409;0.356357537;301.805063948065;94232.645876
881.095911;360151.853727;0.360151854;301.805063948065;94232.645876
893.667988;363946.170046;0.363946170;301.805063948065;94232.645876
906.240064;367740.486364;0.367740486;301.805063948065;94232.645876
918.812140;371534.802682;0.371534803;301.805063948065;94232.645876
931.384217;375329.119001;0.375329119;301.805063948065;94232.645876
943.956293;379123.435319;0.379123435;301.805063948065;94232.645876
956.528370;382917.751638;0.382917752;301.805063948065;94232.645876
969.100446;386712.067956;0.386712068;301.805063948065;94232.645876
981.672522;390506.384274;0.390506384;301.805063948065;94232.645876
994.244599;394300.700593;0.394300701;301.805063948065;94232.645876
1006.816675;398095.016911;0.398095017;301.805063948065;94232.645876
1019.388752;401889.333230;0.401889333;301.805063948065;94232.645876
1031.960828;405683.649548;0.405683650;301.805063948065;94232.645876
1044.532904;409477.965866;0.409477966;301.805063948065;94232.645876
1057.104981;413272.282185;0.413272282;301.805063948065;94232.645876
1069.677057;417066.598503;0.417066599;301.805063948065;94232.645876
1082.249134;420860.914821;0.420860915;301.805063948065;94232.645876
1094.821210;424655.231140;0.424655231;301.805063948065;94232.645876
1107.393286;428449.547458;0.428449547;301.805063948065;94232.645876
1119.965363;432243.863777;0.432243864;301.805063948065;94232.645876
1132.537439;436038.180095;0.436038180;301.805063948065;94232.645876
1145.109515;439832.496413;0.439832496;301.805063948065;94232.645876
1157.681592;443626.812732;0.443626813;301.805063948065;94232.645876
1170.253668;447421.129050;0.447421129;301.805063948065;94232.645876
1182.825745;451215.445369;0.451215445;301.805063948065;94232.645876
1195.397821;455009.761687;0.455009762;301.805063948065;94232.645876
1207.969897;458804.078005;0.458804078;301.805063948065;94232.645876
1220.541974;462598.394324;0.462598394;301.805063948065;94232.645876
1233.114050;466392.710642;0.466392711;301.805063948065;94232.645876
1245.686127;470187.026961;0.470187027;301.805063948065;94232.645876
1258.258203;473981.343279;0.473981343;301.805063948065;94232.645876
1270.830279;477775.659597;0.477775660;301.805063948065;94232.645876
1283.402356;481569.975916;0.481569976;301.805063948065;94232.645876
1295.974432;485364.292234;0.485364292;301.805063948065;94232.645876
1308.546509;489158.608553;0.489158609;301.805063948065;94232.645876
1321.118585;492952.924871;0.492952925;301.805063948065;94232.645876
1333.690661;496747.241189;0.496747241;301.805063948065;94232.645876
1346.262738;500541.557508;0.500541558;301.805063948065;94232.645876
1358.834814;504335.873826;0.504335874;301.805063948065;94232.645876
1371.406890;508130.190145;0.508130190;301.805063948065;94232.645876
1383.978967;511924.506463;0.511924506;301.805063948065;94232.645876
1396.551043;515718.822781;0.515718823;301.805063948065;94232.645876
1409.123120;519513.139100;0.519513139;301.805063948065;94232.645876
1421.695196;523307.455418;0.523307455;301.805063948065;94232.645876
1434.267272;527101.771737;0.527101772;301.805063948065;94232.645876
1446.839349;530896.088055;0.530896088;301.805063948065;94232.645876
1459.411425;534690.404373;0.534690404;301.805063948065;94232.645876
1471.983502;538484.720692;0.538484721;301.805063948065;94232.645876
1484.555578;542279.037010;0.542279037;301.805063948065;94232.645876
1497.127654;546073.353328;0.546073353;301.805063948065;94232.645876
1509.699731;549867.669647;0.549867670;301.805063948065;94232.645876
1522.271807;553661.985965;0.553661986;301.805063948065;94232.645876
1534.843883;557456.302284;0.557456302;301.805063948065;94232.645876
1547.415960;561250.618602;0.561250619;301.805063948065;94232.645876
1559.988036;565044.934920;0.565044935;301.805063948065;94232.645876
1572.560113;568839.251239;0.568839251;301.805063948065;94232.645876
1585.132189;572633.567557;0.572633568;301.805063948065;94232.645876
1597.704265;576427.883876;0.576427884;301.805063948065;94232.645876
1610.276342;580222.200194;0.580222200;301.805063948065;94232.645876
1622.848418;584016.516512;0.584016517;301.805063948065;94232.645876
1635.420495;587810.832831;0.587810833;301.805063948065;94232.645876
1647.992571;591605.149149;0.591605149;301.805063948065;94232.645876
1660.564647;595399.465468;0.595399465;301.805063948065;94232.645876
1673.136724;599193.781786;0.599193782;301.805063948065;94232.645876
1685.708800;602988.098104;0.602988098;301.805063948065;94232.645876
1698.280877;606782.414423;0.606782414;301.805063948065;94232.645876
1710.852953;610576.730741;0.610576731;301.805063948065;94232.645876
1723.425029;614371.047060;0.614371047;301.805063948065;94232.645876
1735.997106;618165.363378;0.618165363;301.805063948065;94232.645876
1748.569182;621959.679696;0.621959680;301.805063948065;94232.645876
1761.141258;625753.996015;0.625753996;301.805063948065;94232.645876
1773.713335;629548.312333;0.629548312;301.805063948065;94232.645876
1786.285411;633342.628652;0.633342629;301.805063948065;94232.645876
1798.857488;637136.944970;0.637136945;301.805063948065;94232.645876
1811.429564;640931.261288;0.640931261;301.805063948065;94232.645876
1824.001640;644725.577607;0.644725578;301.805063948065;94232.645876
1836.573717;648519.893925;0.648519894;301.805063948065;94232.645876
1849.145793;652314.210244;0.652314210;301.805063948065;94232.645876
1861.717870;656108.526562;0.656108527;301.805063948065;94232.645876
1874.289946;659902.842880;0.659902843;301.805063948065;94232.645876
1886.862022;663697.159199;0.663697159;301.805063948065;94232.645876
1899.434099;667491.475517;0.667491476;301.805063948065;94232.645876
1912.006175;671285.791835;0.671285792;301.805063948065;94232.645876
1924.578252;675080.108154;0.675080108;301.805063948065;94232.645876
1937.150328;678874.424472;0.678874424;301.805063948065;94232.645876
1949.722404;682668.740791;0.682668741;301.805063948065;94232.645876
1962.294481;686463.057109;0.686463057;301.805063948065;94232.645876
1974.866557;690257.373427;0.690257373;301.805063948065;94232.645876
1987.438633;694051.689746;0.694051690;301.805063948065;94232.645876
2000.010710;697846.006064;0.697846006;301.805063948065;94232.645876
2012.582786;701640.322383;0.701640322;301.805063948065;94232.645876
2025.154863;705434.638701;0.705434639;301.805063948065;94232.645876
2037.726939;709228.955019;0.709228955;301.805063948065;94232.645876
2050.299015;713023.271338;0.713023271;301.805063948065;94232.645876
2062.871092;716817.587656;0.716817588;301.805063948065;94232.645876
2075.443168;720611.903975;0.720611904;301.805063948065;94232.645876
2088.015245;724406.220293;0.724406220;301.805063948065;94232.645876
2100.587321;728200.536611;0.728200537;301.805063948065;94232.645876
2113.159397;731994.852930;0.731994853;301.805063948065;94232.645876
2125.731474;735789.169248;0.735789169;301.805063948065;94232.645876
2138.303550;739583.485567;0.739583486;301.805063948065;94232.645876
2150.875627;743377.801885;0.743377802;301.805063948065;94232.645876
2163.447703;747172.118203;0.747172118;301.805063948065;94232.645876
2176.019779;750966.434522;0.750966435;301.805063948065;94232.645876
2188.591856;754760.750840;0.754760751;301.805063948065;94232.645876
2201.163932;758555.067159;0.758555067;301.805063948065;94232.645876
2213.736008;762349.383477;0.762349383;301.805063948065;94232.645876
2226.308085;766143.699795;0.766143700;301.805063948065;94232.645876
2238.880161;769938.016114;0.769938016;301.805063948065;94232.645876
2251.452238;773732.332432;0.773732332;301.805063948065;94232.645876
2264.024314;777526.648750;0.777526649;301.805063948065;94232.645876
2276.596390;781320.965069;0.781320965;301.805063948065;94232.645876
2289.168467;785115.281387;0.785115281;301.805063948065;94232.645876
2301.740543;788909.597706;0.788909598;301.805063948065;94232.645876
2314.312620;792703.914024;0.792703914;301.805063948065;94232.645876
2326.884696;796498.230342;0.796498230;301.805063948065;94232.645876
2339.456772;800292.546661;0.800292547;301.805063948065;94232.645876
2352.028849;804086.862979;0.804086863;301.805063948065;94232.645876
2364.600925;807881.179298;0.807881179;301.805063948065;94232.645876
2377.173002;811675.495616;0.811675496;301.805063948065;94232.645876
2389.745078;815469.811934;0.815469812;301.805063948065;94232.645876
2402.317154;819264.128253;0.819264128;301.805063948065;94232.645876
2414.889231;823058.444571;0.823058445;301.805063948065;94232.645876
2427.461307;826852.760890;0.826852761;301.805063948065;94232.645876
2440.033383;830647.077208;0.830647077;301.805063948065;94232.645876
2452.605460;834441.393526;0.834441394;301.805063948065;94232.645876
2465.177536;838235.709845;0.838235710;301.805063948065;94232.645876
2477.749613;842030.026163;0.842030026;301.805063948065;94232.645876
2490.321689;845824.342482;0.845824342;301.805063948065;94232.645876
2502.893765;849618.658800;0.849618659;301.805063948065;94232.645876
2515.465842;853412.975118;0.853412975;301.805063948065;94232.645876
2528.037918;857207.291437;0.857207291;301.805063948065;94232.645876
2540.609995;861001.607755;0.861001608;301.805063948065;94232.645876
2553.182071;864795.924074;0.864795924;301.805063948065;94232.645876
2565.754147;868590.240392;0.868590240;301.805063948065;94232.645876
2578.326224;872384.556710;0.872384557;301.805063948065;94232.645876
2590.898300;876178.873029;0.876178873;301.805063948065;94232.645876
2603.470377;879973.189347;0.879973189;301.805063948065;94232.645876
2616.042453;883767.505666;0.883767506;301.805063948065;94232.645876
2628.614529;887561.821984;0.887561822;301.805063948065;94232.645876
2641.186606;891356.138302;0.891356138;301.805063948065;94232.645876
2653.758682;895150.454621;0.895150455;301.805063948065;94232.645876
2666.330758;898944.770939;0.898944771;301.805063948065;94232.645876
2678.902835;902739.087257;0.902739087;301.805063948065;94232.645876
2691.474911;906533.403576;0.906533404;301.805063948065;94232.645876
2704.046988;910327.719894;0.910327720;301.805063948065;94232.645876
2716.619064;914122.036213;0.914122036;301.805063948065;94232.645876
2729.191140;917916.352531;0.917916353;301.805063948065;94232.645876
2741.763217;921710.668849;0.921710669;301.805063948065;94232.645876
2754.335293;925504.985168;0.925504985;301.805063948065;94232.645876
2766.907370;929299.301486;0.929299301;301.805063948065;94232.645876
2779.479446;933093.617805;0.933093618;301.805063948065;94232.645876
2792.051522;936887.934123;0.936887934;301.805063948065;94232.645876
2804.623599;940682.250441;0.940682250;301.805063948065;94232.645876
2817.195675;944476.566760;0.944476567;301.805063948065;94232.645876
2829.767752;948270.883078;0.948270883;301.805063948065;94232.645876
2842.339828;952065.199397;0.952065199;301.805063948065;94232.645876
2854.911904;955859.515715;0.955859516;301.805063948065;94232.645876
2867.483981;959653.832033;0.959653832;301.805063948065;94232.645876
2880.056057;963448.148352;0.963448148;301.805063948065;94232.645876
2892.628133;967242.464670;0.967242465;301.805063948065;94232.645876
2905.200210;971036.780989;0.971036781;301.805063948065;94232.645876
2917.772286;974831.097307;0.974831097;301.805063948065;94232.645876
2930.344363;978625.413625;0.978625414;301.805063948065;94232.645876
2942.916439;982419.729944;0.982419730;301.805063948065;94232.645876
2955.488515;986214.046262;0.986214046;301.805063948065;94232.645876
2968.060592;990008.362581;0.990008363;301.805063948065;94232.645876
2980.632668;993802.678899;0.993802679;301.805063948065;94232.645876
2993.204745;997596.995217;0.997596995;301.805063948065;94232.645876
3005.776821;1001391.311536;1.001391312;301.805063948065;94232.645876
3018.348897;1005185.627854;1.005185628;301.805063948065;94232.645876
3030.920974;1008979.944173;1.008979944;301.805063948065;94232.645876
3043.493050;1012774.260491;1.012774260;301.805063948065;94232.645876
3056.065127;1016568.576809;1.016568577;301.805063948065;94232.645876
3068.637203;1020362.893128;1.020362893;301.805063948065;94232.645876
3081.209279;1024157.209446;1.024157209;301.805063948065;94232.645876
3093.781356;1027951.525764;1.027951526;301.805063948065;94232.645876
3106.353432;1031745.842083;1.031745842;301.805063948065;94232.645876
3118.925508;1035540.158401;1.035540158;301.805063948065;94232.645876
3131.497585;1039334.474720;1.039334475;301.805063948065;94232.645876
3144.069661;1043128.791038;1.043128791;301.805063948065;94232.645876
3156.641738;1046923.107356;1.046923107;301.805063948065;94232.645876
3169.213814;1050717.423675;1.050717424;301.805063948065;94232.645876
3181.785890;1054511.739993;1.054511740;301.805063948065;94232.645876
3194.357967;1058306.056312;1.058306056;301.805063948065;94232.645876
3206.930043;1062100.372630;1.062100373;301.805063948065;94232.645876
3219.502120;1065894.688948;1.065894689;301.805063948065;94232.645876
3232.074196;1069689.005267;1.069689005;301.805063948065;94232.645876
3244.646272;1073483.321585;1.073483322;301.805063948065;94232.645876
3257.218349;1077277.637904;1.077277638;301.805063948065;94232.645876
3269.790425;1081071.954222;1.081071954;301.805063948065;94232.645876
3282.362501;1084866.270540;1.084866271;301.805063948065;94232.645876
3294.934578;1088660.586859;1.088660587;301.805063948065;94232.645876
3307.506654;1092454.903177;1.092454903;301.805063948065;94232.645876
3320.078731;1096249.219496;1.096249219;301.805063948065;94232.645876
3332.650807;1100043.535814;1.100043536;301.805063948065;94232.645876
3345.222883;1103837.852132;1.103837852;301.805063948065;94232.645876
3357.794960;1107632.168451;1.107632168;301.805063948065;94232.645876
3370.367036;1111426.484769;1.111426485;301.805063948065;94232.645876
3382.939113;1115220.801088;1.115220801;301.805063948065;94232.645876
3395.511189;1119015.117406;1.119015117;301.805063948065;94232.645876
3408.083265;1122809.433724;1.122809434;301.805063948065;94232.645876
3420.655342;1126603.750043;1.126603750;301.805063948065;94232.645876
3433.227418;1130398.066361;1.130398066;301.805063948065;94232.645876
3445.799495;1134192.382680;1.134192383;301.805063948065;94232.645876
3458.371571;1137986.698998;1.137986699;301.805063948065;94232.645876
3470.943647;1141781.015316;1.141781015;301.805063948065;94232.645876
3483.515724;1145575.331635;1.145575332;301.805063948065;94232.645876
3496.087800;1149369.647953;1.149369648;301.805063948065;94232.645876
3508.659876;1153163.964271;1.153163964;301.805063948065;94232.645876
3521.231953;1156958.280590;1.156958281;301.805063948065;94232.645876
3533.804029;1160752.596908;1.160752597;301.805063948065;94232.645876
3546.376106;1164546.913227;1.164546913;301.805063948065;94232.645876
3558.948182;1168341.229545;1.168341230;301.805063948065;94232.645876
3571.520258;1172135.545863;1.172135546;301.805063948065;94232.645876
3584.092335;1175929.862182;1.175929862;301.805063948065;94232.645876
3596.664411;1179724.178500;1.179724179;301.805063948065;94232.645876
3609.236488;1183518.494819;1.183518495;301.805063948065;94232.645876
3621.808564;1187312.811137;1.187312811;301.805063948065;94232.645876
3634.380640;1191107.127455;1.191107127;301.805063948065;94232.645876
3646.952717;1194901.443774;1.194901444;301.805063948065;94232.645876
3659.524793;1198695.760092;1.198695760;301.805063948065;94232.645876
3672.096870;1202490.076411;1.202490076;301.805063948065;94232.645876
3684.668946;1206284.392729;1.206284393;301.805063948065;94232.645876
3697.241022;1210078.709047;1.210078709;301.805063948065;94232.645876
3709.813099;1213873.025366;1.213873025;301.805063948065;94232.645876
3722.385175;1217667.341684;1.217667342;301.805063948065;94232.645876
3734.957251;1221461.658003;1.221461658;301.805063948065;94232.645876
3747.529328;1225255.974321;1.225255974;301.805063948065;94232.645876
3760.101404;1229050.290639;1.229050291;301.805063948065;94232.645876
3772.673481;1232844.606958;1.232844607;301.805063948065;94232.645876
3785.245557;1236638.923276;1.236638923;301.805063948065;94232.645876
3797.817633;1240433.239595;1.240433240;301.805063948065;94232.645876
3810.389710;1244227.555913;1.244227556;301.805063948065;94232.645876
3822.961786;1248021.872231;1.248021872;301.805063948065;94232.645876
3835.533863;1251816.188550;1.251816189;301.805063948065;94232.645876
3848.105939;1255610.504868;1.255610505;301.805063948065;94232.645876
3860.678015;1259404.821187;1.259404821;301.805063948065;94232.645876
3873.250092;1263199.137505;1.263199138;301.805063948065;94232.645876
3885.822168;1266993.453823;1.266993454;301.805063948065;94232.645876
3898.394245;1270787.770142;1.270787770;301.805063948065;94232.645876
3910.966321;1274582.086460;1.274582086;301.805063948065;94232.645876
3923.538397;1278376.402778;1.278376403;301.805063948065;94232.645876
3936.110474;1282170.719097;1.282170719;301.805063948065;94232.645876
3948.682550;1285965.035415;1.285965035;301.805063948065;94232.645876
3961.254626;1289759.351734;1.289759352;301.805063948065;94232.645876
3973.826703;1293553.668052;1.293553668;301.805063948065;94232.645876
3986.398779;1297347.984370;1.297347984;301.805063948065;94232.645876
3998.970856;1301142.300689;1.301142301;301.805063948065;94232.645876
4011.542932;1304936.617007;1.304936617;301.805063948065;94232.645876
4024.115008;1308730.933326;1.308730933;301.805063948065;94232.645876
4036.687085;1312525.249644;1.312525250;301.805063948065;94232.645876
4049.259161;1316319.565962;1.316319566;301.805063948065;94232.645876
4061.831238;1320113.882281;1.320113882;301.805063948065;94232.645876
4074.403314;1323908.198599;1.323908199;301.805063948065;94232.645876
4086.975390;1327702.514918;1.327702515;301.805063948065;94232.645876
4099.547467;1331496.831236;1.331496831;301.805063948065;94232.645876
4112.119543;1335291.147554;1.335291148;301.805063948065;94232.645876
4124.691620;1339085.463873;1.339085464;301.805063948065;94232.645876
4137.263696;1342879.780191;1.342879780;301.805063948065;94232.645876
4149.835772;1346674.096510;1.346674097;301.805063948065;94232.645876
4162.407849;1350468.412828;1.350468413;301.805063948065;94232.645876
4174.979925;1354262.729146;1.354262729;301.805063948065;94232.645876
4187.552001;1358057.045465;1.358057045;301.805063948065;94232.645876
4200.124078;1361851.361783;1.361851362;301.805063948065;94232.645876
4212.696154;1365645.678102;1.365645678;301.805063948065;94232.645876
4225.268231;1369439.994420;1.369439994;301.805063948065;94232.645876
4237.840307;1373234.310738;1.373234311;301.805063948065;94232.645876
4250.412383;1377028.627057;1.377028627;301.805063948065;94232.645876
4262.984460;1380822.943375;1.380822943;301.805063948065;94232.645876
4275.556536;1384617.259693;1.384617260;301.805063948065;94232.645876
4288.128613;1388411.576012;1.388411576;301.805063948065;94232.645876
4300.700689;1392205.892330;1.392205892;301.805063948065;94232.645876
4313.272765;1396000.208649;1.396000209;301.805063948065;94232.645876
4325.844842;1399794.524967;1.399794525;301.805063948065;94232.645876
4338.416918;1403588.841285;1.403588841;301.805063948065;94232.645876
4350.988995;1407383.157604;1.407383158;301.805063948065;94232.645876
4363.561071;1411177.473922;1.411177474;301.805063948065;94232.645876
4376.133147;1414971.790241;1.414971790;301.805063948065;94232.645876
4388.705224;1418766.106559;1.418766107;301.805063948065;94232.645876
4401.277300;1422560.422877;1.422560423;301.805063948065;94232.645876
4413.849376;1426354.739196;1.426354739;301.805063948065;94232.645876
4426.421453;1430149.055514;1.430149056;301.805063948065;94232.645876
4438.993529;1433943.371833;1.433943372;301.805063948065;94232.645876
4451.565606;1437737.688151;1.437737688;301.805063948065;94232.645876
4464.137682;1441532.004469;1.441532004;301.805063948065;94232.645876
4476.709758;1445326.320788;1.445326321;301.805063948065;94232.645876
4489.281835;1449120.637106;1.449120637;301.805063948065;94232.645876
4501.853911;1452914.953425;1.452914953;301.805063948065;94232.645876
4514.425988;1456709.269743;1.456709270;301.805063948065;94232.645876
4526.998064;1460503.586061;1.460503586;301.805063948065;94232.645876
4539.570140;1464297.902380;1.464297902;301.805063948065;94232.645876
4552.142217;1468092.218698;1.468092219;301.805063948065;94232.645876
4564.714293;1471886.535017;1.471886535;301.805063948065;94232.645876
4577.286370;1475680.851335;1.475680851;301.805063948065;94232.645876
4589.858446;1479475.167653;1.479475168;301.805063948065;94232.645876
4602.430522;1483269.483972;1.483269484;301.805063948065;94232.645876
4615.002599;1487063.800290;1.487063800;301.805063948065;94232.645876
4627.574675;1490858.116609;1.490858117;301.805063948065;94232.645876
4640.146751;1494652.432927;1.494652433;301.805063948065;94232.645876
4652.718828;1498446.749245;1.498446749;301.805063948065;94232.645876
4665.290904;1502241.065564;1.502241066;301.805063948065;94232.645876
4677.862981;1506035.381882;1.506035382;301.805063948065;94232.645876
4690.435057;1509829.698200;1.509829698;301.805063948065;94232.645876
4703.007133;1513624.014519;1.513624015;301.805063948065;94232.645876
4715.579210;1517418.330837;1.517418331;301.805063948065;94232.645876
4728.151286;1521212.647156;1.521212647;301.805063948065;94232.645876
4740.723363;1525006.963474;1.525006963;301.805063948065;94232.645876
4753.295439;1528801.279792;1.528801280;301.805063948065;94232.645876
4765.867515;1532595.596111;1.532595596;301.805063948065;94232.645876
4778.439592;1536389.912429;1.536389912;301.805063948065;94232.645876
4791.011668;1540184.228748;1.540184229;301.805063948065;94232.645876
4803.583745;1543978.545066;1.543978545;301.805063948065;94232.645876
4816.155821;1547772.861384;1.547772861;301.805063948065;94232.645876
4828.727897;1551567.177703;1.551567178;301.805063948065;94232.645876
4841.299974;1555361.494021;1.555361494;301.805063948065;94232.645876
4853.872050;1559155.810340;1.559155810;301.805063948065;94232.645876
4866.444126;1562950.126658;1.562950127;301.805063948065;94232.645876
4879.016203;1566744.442976;1.566744443;301.805063948065;94232.645876
4891.588279;1570538.759295;1.570538759;301.805063948065;94232.645876
4904.160356;1574333.075613;1.574333076;301.805063948065;94232.645876
4916.732432;1578127.391932;1.578127392;301.805063948065;94232.645876
4929.304508;1581921.708250;1.581921708;301.805063948065;94232.645876
4941.876585;1585716.024568;1.585716025;301.805063948065;94232.645876
4954.448661;1589510.340887;1.589510341;301.805063948065;94232.645876
4967.020738;1593304.657205;1.593304657;301.805063948065;94232.645876
4979.592814;1597098.973524;1.597098974;301.805063948065;94232.645876
4992.164890;1600893.289842;1.600893290;301.805063948065;94232.645876
5004.736967;1604687.606160;1.604687606;301.805063948065;94232.645876
5017.309043;1608481.922479;1.608481922;301.805063948065;94232.645876
5029.881119;1612276.238797;1.612276239;301.805063948065;94232.645876
5042.453196;1616070.555116;1.616070555;301.805063948065;94232.645876
5055.025272;1619864.871434;1.619864871;301.805063948065;94232.645876
5067.597349;1623659.187752;1.623659188;301.805063948065;94232.645876
5080.169425;1627453.504071;1.627453504;301.805063948065;94232.645876
5092.741501;1631247.820389;1.631247820;301.805063948065;94232.645876
5105.313578;1635042.136707;1.635042137;301.805063948065;94232.645876
5117.885654;1638836.453026;1.638836453;301.805063948065;94232.645876
5130.457731;1642630.769344;1.642630769;301.805063948065;94232.645876
5143.029807;1646425.085663;1.646425086;301.805063948065;94232.645876
5155.601883;1650219.401981;1.650219402;301.805063948065;94232.645876
5168.173960;1654013.718299;1.654013718;301.805063948065;94232.645876
5180.746036;1657808.034618;1.657808035;301.805063948065;94232.645876
5193.318113;1661602.350936;1.661602351;301.805063948065;94232.645876
5205.890189;1665396.667255;1.665396667;301.805063948065;94232.645876
5218.462265;1669190.983573;1.669190984;301.805063948065;94232.645876
5231.034342;1672985.299891;1.672985300;301.805063948065;94232.645876
5243.606418;1676779.616210;1.676779616;301.805063948065;94232.645876
5256.178494;1680573.932528;1.680573933;301.805063948065;94232.645876
5268.750571;1684368.248847;1.684368249;301.805063948065;94232.645876
5281.322647;1688162.565165;1.688162565;301.805063948065;94232.645876
5293.894724;1691956.881483;1.691956881;301.805063948065;94232.645876
5306.466800;1695751.197802;1.695751198;301.805063948065;94232.645876
5319.038876;1699545.514120;1.699545514;301.805063948065;94232.645876
5331.610953;1703339.830439;1.703339830;301.805063948065;94232.645876
5344.183029;1707134.146757;1.707134147;301.805063948065;94232.645876
5356.755106;1710928.463075;1.710928463;301.805063948065;94232.645876
5369.327182;1714722.779394;1.714722779;301.805063948065;94232.645876
5381.899258;1718517.095712;1.718517096;301.805063948065;94232.645876
5394.471335;1722311.412031;1.722311412;301.805063948065;94232.645876
5407.043411;1726105.728349;1.726105728;301.805063948065;94232.645876
5419.615488;1729900.044667;1.729900045;301.805063948065;94232.645876
5432.187564;1733694.360986;1.733694361;301.805063948065;94232.645876
5444.759640;1737488.677304;1.737488677;301.805063948065;94232.645876
5457.331717;1741282.993623;1.741282994;301.805063948065;94232.645876
5469.903793;1745077.309941;1.745077310;301.805063948065;94232.645876
5482.475869;1748871.626259;1.748871626;301.805063948065;94232.645876
5495.047946;1752665.942578;1.752665943;301.805063948065;94232.645876
5507.620022;1756460.258896;1.756460259;301.805063948065;94232.645876
5520.192099;1760254.575214;1.760254575;301.805063948065;94232.645876
5532.764175;1764048.891533;1.764048892;301.805063948065;94232.645876
5545.336251;1767843.207851;1.767843208;301.805063948065;94232.645876
5557.908328;1771637.524170;1.771637524;301.805063948065;94232.645876
5570.480404;1775431.840488;1.775431840;301.805063948065;94232.645876
5583.052481;1779226.156806;1.779226157;301.805063948065;94232.645876
5595.624557;1783020.473125;1.783020473;301.805063948065;94232.645876
5608.196633;1786814.789443;1.786814789;301.805063948065;94232.645876
5620.768710;1790609.105762;1.790609106;301.805063948065;94232.645876
5633.340786;1794403.422080;1.794403422;301.805063948065;94232.645876
5645.912863;1798197.738398;1.798197738;301.805063948065;94232.645876
5658.484939;1801992.054717;1.801992055;301.805063948065;94232.645876
5671.057015;1805786.371035;1.805786371;301.805063948065;94232.645876
5683.629092;1809580.687354;1.809580687;301.805063948065;94232.645876
5696.201168;1813375.003672;1.813375004;301.805063948065;94232.645876
5708.773244;1817169.319990;1.817169320;301.805063948065;94232.645876
5721.345321;1820963.636309;1.820963636;301.805063948065;94232.645876
5733.917397;1824757.952627;1.824757953;301.805063948065;94232.645876
5746.489474;1828552.268946;1.828552269;301.805063948065;94232.645876
5759.061550;1832346.585264;1.832346585;301.805063948065;94232.645876
5771.633626;1836140.901582;1.836140902;301.805063948065;94232.645876
5784.205703;1839935.217901;1.839935218;301.805063948065;94232.645876
5796.777779;1843729.534219;1.843729534;301.805063948065;94232.645876
5809.349856;1847523.850538;1.847523851;301.805063948065;94232.645876
5821.921932;1851318.166856;1.851318167;301.805063948065;94232.645876
5834.494008;1855112.483174;1.855112483;301.805063948065;94232.645876
5847.066085;1858906.799493;1.858906799;301.805063948065;94232.645876
5859.638161;1862701.115811;1.862701116;301.805063948065;94232.645876
5872.210238;1866495.432130;1.866495432;301.805063948065;94232.645876
5884.782314;1870289.748448;1.870289748;301.805063948065;94232.645876
5897.354390;1874084.064766;1.874084065;301.805063948065;94232.645876
5909.926467;1877878.381085;1.877878381;301.805063948065;94232.645876
5922.498543;1881672.697403;1.881672697;301.805063948065;94232.645876
5935.070619;1885467.013721;1.885467014;301.805063948065;94232.645876
5947.642696;1889261.330040;1.889261330;301.805063948065;94232.645876
5960.214772;1893055.646358;1.893055646;301.805063948065;94232.645876
5972.786849;1896849.962677;1.896849963;301.805063948065;94232.645876
5985.358925;1900644.278995;1.900644279;301.805063948065;94232.645876
5997.931001;1904438.595313;1.904438595;301.805063948065;94232.645876
6010.503078;1908232.911632;1.908232912;301.805063948065;94232.645876
6023.075154;1912027.227950;1.912027228;301.805063948065;94232.645876
6035.647231;1915821.544269;1.915821544;301.805063948065;94232.645876
6048.219307;1919615.860587;1.919615861;301.805063948065;94232.645876
6060.791383;1923410.176905;1.923410177;301.805063948065;94232.645876
6073.363460;1927204.493224;1.927204493;301.805063948065;94232.645876
6085.935536;1930998.809542;1.930998810;301.805063948065;94232.645876
6098.507613;1934793.125861;1.934793126;301.805063948065;94232.645876
6111.079689;1938587.442179;1.938587442;301.805063948065;94232.645876
6123.651765;1942381.758497;1.942381758;301.805063948065;94232.645876
6136.223842;1946176.074816;1.946176075;301.805063948065;94232.645876
6148.795918;1949970.391134;1.949970391;301.805063948065;94232.645876
6161.367994;1953764.707453;1.953764707;301.805063948065;94232.645876
6173.940071;1957559.023771;1.957559024;301.805063948065;94232.645876
6186.512147;1961353.340089;1.961353340;301.805063948065;94232.645876
6199.084224;1965147.656408;1.965147656;301.805063948065;94232.645876
6211.656300;1968941.972726;1.968941973;301.805063948065;94232.645876
6224.228376;1972736.289045;1.972736289;301.805063948065;94232.645876
6236.800453;1976530.605363;1.976530605;301.805063948065;94232.645876
6249.372529;1980324.921681;1.980324922;301.805063948065;94232.645876
6261.944606;1984119.238000;1.984119238;301.805063948065;94232.645876
6274.516682;1987913.554318;1.987913554;301.805063948065;94232.645876
6287.088758;1991707.870637;1.991707871;301.805063948065;94232.645876
6299.660835;1995502.186955;1.995502187;301.805063948065;94232.645876
6312.232911;1999296.503273;1.999296503;301.805063948065;94232.645876
6324.804988;2003090.819592;2.003090820;301.805063948065;94232.645876
6337.377064;2006885.135910;2.006885136;301.805063948065;94232.645876
6349.949140;2010679.452228;2.010679452;301.805063948065;94232.645876
6362.521217;2014473.768547;2.014473769;301.805063948065;94232.645876
6375.093293;2018268.084865;2.018268085;301.805063948065;94232.645876
6387.665369;2022062.401184;2.022062401;301.805063948065;94232.645876
6400.237446;2025856.717502;2.025856718;301.805063948065;94232.645876
6412.809522;2029651.033820;2.029651034;301.805063948065;94232.645876
6425.381599;2033445.350139;2.033445350;301.805063948065;94232.645876
6437.953675;2037239.666457;2.037239666;301.805063948065;94232.645876
6450.525751;2041033.982776;2.041033983;301.805063948065;94232.645876
6463.097828;2044828.299094;2.044828299;301.805063948065;94232.645876
6475.669904;2048622.615412;2.048622615;301.805063948065;94232.645876
6488.241981;2052416.931731;2.052416932;301.805063948065;94232.645876
6500.814057;2056211.248049;2.056211248;301.805063948065;94232.645876
6513.386133;2060005.564368;2.060005564;301.805063948065;94232.645876
6525.958210;2063799.880686;2.063799881;301.805063948065;94232.645876
6538.530286;2067594.197004;2.067594197;301.805063948065;94232.645876
6551.102363;2071388.513323;2.071388513;301.805063948065;94232.645876
6563.674439;2075182.829641;2.075182830;301.805063948065;94232.645876
6576.246515;2078977.145960;2.078977146;301.805063948065;94232.645876
6588.818592;2082771.462278;2.082771462;301.805063948065;94232.645876
6601.390668;2086565.778596;2.086565779;301.805063948065;94232.645876
6613.962744;2090360.094915;2.090360095;301.805063948065;94232.645876
6626.534821;2094154.411233;2.094154411;301.805063948065;94232.645876
6639.106897;2097948.727552;2.097948728;301.805063948065;94232.645876
6651.678974;2101743.043870;2.101743044;301.805063948065;94232.645876
6664.251050;2105537.360188;2.105537360;301.805063948065;94232.645876
6676.823126;2109331.676507;2.109331677;301.805063948065;94232.645876
6689.395203;2113125.992825;2.113125993;301.805063948065;94232.645876
6701.967279;2116920.309143;2.116920309;301.805063948065;94232.645876
6714.539356;2120714.625462;2.120714625;301.805063948065;94232.645876
6727.111432;2124508.941780;2.124508942;301.805063948065;94232.645876
6739.683508;2128303.258099;2.128303258;301.805063948065;94232.645876
6752.255585;2132097.574417;2.132097574;301.805063948065;94232.645876
6764.827661;2135891.890735;2.135891891;301.805063948065;94232.645876
6777.399738;2139686.207054;2.139686207;301.805063948065;94232.645876
6789.971814;2143480.523372;2.143480523;301.805063948065;94232.645876
6802.543890;2147274.839691;2.147274840;301.805063948065;94232.645876
6815.115967;2151069.156009;2.151069156;301.805063948065;94232.645876
6827.688043;2154863.472327;2.154863472;301.805063948065;94232.645876
6840.260119;2158657.788646;2.158657789;301.805063948065;94232.645876
6852.832196;2162452.104964;2.162452105;301.805063948065;94232.645876
6865.404272;2166246.421283;2.166246421;301.805063948065;94232.645876
6877.976349;2170040.737601;2.170040738;301.805063948065;94232.645876
6890.548425;2173835.053919;2.173835054;301.805063948065;94232.645876
6903.120501;2177629.370238;2.177629370;301.805063948065;94232.645876
