chip,threshold,dac,hits_per_s,count0,count1,dt_s,mu_est,sigma_est,r2_est
1,0,255,139906.74260235153,1014115,2414786,10.011461734771729,,,
1,0,254,136251.61659972297,2414849,3778778,10.010369300842285,,,
1,0,253,123877.21580073683,3778837,5018865,10.010137796401978,,,
1,0,252,104244.03545694359,5018918,6062421,10.010193824768066,,,
1,0,251,73784.32460485109,6062467,6800996,10.009294033050537,253,1,-1.8068651851192796
1,0,250,53280.21743707882,6801060,7334391,10.009925365447998,253,2,-0.25308945575086805
1,0,249,30610.933831221046,7334445,7640875,10.010475397109985,253,2,0.31651131651275055
1,0,248,19772.814121812367,7640917,7838853,10.010512351989746,253,2,0.5207493089872608
1,0,247,13225.791207883498,7838883,7971272,10.00991153717041,253,2,0.6108831413380009
1,0,246,8067.333652657848,7971310,8052063,10.009874820709229,252,2,0.6612409519394008
1,0,245,3645.482121104899,8052080,8088572,10.010198593139648,252,2,0.699139230208843
1,0,244,10.689826795426221,8088599,8088706,10.009516716003418,252,2,0.7340145223331944
1,0,243,8.09188497167674,8108343,8108424,10.010028600692749,252,2,0.7577730221835146
1,0,242,4.295633805742111,8118311,8118354,10.010164260864258,252,2,0.775005391473392
1,0,241,3.4964158083416117,8123305,8123340,10.01025104522705,252,2,0.7880720454093842
1,0,240,2.39752222547751,8125248,8125272,10.010334730148315,252,2,0.7983219305137972
1,0,239,36.1615253393699,8126217,8126579,10.010639667510986,252,2,0.8065050682574423
1,0,238,1.5983089409858195,8126591,8126607,10.01058030128479,252,2,0.81329906820221
1,0,237,1.7981552881266403,8126776,8126794,10.010258913040161,252,2,0.8189853862679459
1,0,236,0.998892700288298,8126874,8126884,10.011085271835327,252,2,0.8238159118756119
1,0,235,0.9989925054792935,8126922,8126932,10.010085105895996,252,2,0.8279695600766881
1,0,234,0.6993177894117985,8126949,8126956,10.009755373001099,252,2,0.8315796004174485
1,0,233,1.2987879477060054,8126969,8126982,10.009332180023193,252,2,0.8347457857816791
1,0,232,0.7992062250870543,8126990,8126998,10.009932041168213,252,2,0.8375457404128822
1,0,231,0.599393590268863,8127001,8127007,10.010117053985596,252,2,0.8400394155367048
1,0,230,0.6992659073726313,8127010,8127017,10.010498046875,252,2,0.8422745781401115
1,0,229,0.8991082238859682,8127022,8127031,10.009918451309204,252,2,0.8442897179536508
1,0,228,1.098907198447055,8127037,8127048,10.009944438934326,252,2,0.846116104942054
1,0,227,0.3995526268478714,8127052,8127056,10.011196851730347,252,2,0.8477777751743273
1,0,226,0.8990537684070453,8127060,8127069,10.01052474975586,252,2,0.8492980138922577
1,0,225,0.29969763029524793,8127072,8127075,10.01008915901184,252,2,0.8506918922880635
1,0,224,0.29970351938185236,8127078,8127081,10.009892463684082,252,2,0.8519756590026206
1,0,223,0.0998965619162554,8127084,8127085,10.01035451889038,252,2,0.8531611556841247
1,0,222,0.29967058629865917,8127087,8127090,10.010992527008057,252,2,0.8542606489253084
1,0,221,0.29970847353212443,8127090,8127093,10.009727001190186,252,2,0.8552826070556876
1,0,220,0.1998007615363298,8127094,8127096,10.009971857070923,252,2,0.8562344543553532
1,0,219,0.2996969378966344,8127096,8127099,10.010112285614014,252,2,0.8571242017657346
1,0,218,0.19979814894763215,8127099,8127101,10.01010274887085,252,2,0.8579566663878683
1,0,217,0.0,8127102,8127102,10.009924411773682,252,2,0.8579566663878683
1,0,216,0.09989576725106297,8127104,8127105,10.0104341506958,252,2,0.8587370812394153
1,0,215,0.09989416130461179,8127105,8127106,10.010595083236694,252,2,0.8594706952270987
1,0,214,0.09989361886325443,8127107,8127108,10.01064944267273,252,2,0.8601616133052373
1,0,213,0.09989453007293345,8127108,8127109,10.010558128356934,252,2,0.8608134751265656
1,0,212,0.0,8127109,8127109,10.009642124176025,252,2,0.8608134751265656
1,0,211,0.09989939569057049,8127109,8127110,10.010070562362671,252,2,0.8614296026053279
1,0,210,0.0,8127110,8127110,10.010685443878174,252,2,0.8614296026053279
1,0,209,0.09989133972227981,8127110,8127111,10.010877847671509,252,2,0.8620128936011769
1,0,208,0.0,8127111,8127111,10.011388778686523,252,2,0.8620128936011769
1,0,207,0.0,8127111,8127111,10.009999990463257,252,2,0.8620128936011769
1,1,255,78635.65521970938,6714465,7501561,10.009403467178345,,,
1,1,254,75904.10519530236,7505065,8264846,10.009748458862305,,,
1,1,253,73936.85679548573,8268520,9008623,10.009933233261108,,,
1,1,252,70808.80362811209,9012125,9720948,10.010379552841187,,,
1,1,251,70169.53674307768,9724254,10426639,10.009828090667725,253,1,-88.09464002905993
1,1,250,71408.59479279061,10430197,11144982,10.00978946685791,253,2,-95.90894262278643
1,1,249,73277.09804955518,11148317,11881845,10.01033091545105,252,2,-114.20011095636067
1,1,248,79006.58660417877,11885448,12676342,10.010481834411621,252,2,-92.92172691811834
1,1,247,85645.0446727646,12680207,13537554,10.010468244552612,251,3,-42.51134195333462
1,1,246,96526.50278905187,13541926,14508257,10.011043310165405,250,3,-16.269096249595
1,1,245,104772.00691741404,14513019,15561803,10.010154724121094,250,3,-9.13561315953131
1,1,244,119106.82891185326,15567035,16759222,10.009392499923706,249,4,-5.545239508885632
1,1,243,127046.73836862842,16765053,1259506,10.009458065032959,248,4,-3.908550614561652
1,1,242,133587.84897914017,1265678,2602921,10.01021432876587,248,4,-2.9596629200905213
1,1,241,131305.484790187,2608909,3923262,10.009886503219604,247,4,-2.3192440017141633
1,1,240,117834.58415437986,3928790,5108347,10.010278463363647,246,5,-2.021840577161886
1,1,239,71638.3419482696,5112553,5829641,10.009835243225098,246,5,-1.5459573345376145
1,1,238,44525.775531647814,5832085,6277804,10.010359048843384,246,5,-0.8395914914966525
1,1,237,33325.65813917041,6279467,6613053,10.00988483428955,246,5,-0.31895519914060255
1,1,236,16967.751589889984,6614167,6784018,10.010224342346191,246,5,0.05516793096755379
1,1,235,11193.099631597996,6784652,6896696,10.010095834732056,246,5,0.27826217815240695
1,1,234,5427.421290315158,6897062,6951388,10.009541749954224,246,5,0.41970172994332966
1,1,233,3379.3617323242333,6951584,6985411,10.009878396987915,246,5,0.5123521829475985
1,1,232,1408.9249349655101,6985500,6999604,10.010469436645508,246,5,0.5762460091101205
1,1,231,769.0136607674838,6999661,7007359,10.010225296020508,245,5,0.6223752167566732
1,1,230,306.7646020145611,7007397,7010468,10.01093339920044,245,5,0.6569139968046925
1,1,229,182.61454690395894,7010505,7012333,10.010155439376831,245,5,0.6837496093708155
1,1,228,67.02998159924013,7012362,7013033,10.010445833206177,245,5,0.7051144428003375
1,1,227,35.26010281516302,7013052,7013405,10.011315107345581,245,5,0.7225540262750294
1,1,226,11.68796678110262,7013420,7013537,10.010295391082764,245,5,0.7370468508256312
1,1,225,6.693739716342617,7013560,7013627,10.009352445602417,245,5,0.7492947972312831
1,1,224,2.9969002122424193,7013639,7013669,10.010343313217163,245,5,0.7597805092781122
1,1,223,2.097979403115076,7013680,7013701,10.009631156921387,245,5,0.768861526890052
1,1,222,0.6992951036051435,7013711,7013718,10.010080099105835,245,5,0.776800628289383
1,1,221,1.0988916513343323,7013728,7013739,10.010086059570312,245,5,0.7838034971127715
1,1,220,0.5993936188212913,7013747,7013753,10.010116577148438,245,5,0.7900247148061733
1,1,219,0.4994825954483261,7013759,7013764,10.010358810424805,245,5,0.7955888720719987
1,1,218,0.2996913702715038,7013770,7013773,10.010298252105713,245,5,0.8005945031139294
1,1,217,0.3995759790598875,7013778,7013782,10.010611772537231,245,5,0.8051223983216054
1,1,216,0.5993840110827036,7013788,7013794,10.010277032852173,245,5,0.8092382670545916
1,1,215,0.29971355634642355,7013801,7013804,10.009557247161865,245,5,0.8129945148149357
1,1,214,0.49949652636896846,7013808,7013813,10.010079622268677,245,5,0.8164377213058055
1,1,213,0.6992925053247582,7013818,7013825,10.010117292404175,245,5,0.8196056841271642
1,1,212,0.2996966095437711,7013829,7013832,10.010123252868652,245,5,0.8225281578396784
1,1,211,0.2997014278373198,7013836,7013839,10.009962320327759,245,5,0.8252337691409469
1,1,210,0.1997814804320864,7013841,7013843,10.010937929153442,245,5,0.8277454070208278
1,1,209,0.09990437362461312,7013848,7013849,10.00957179069519,245,5,0.8300831162131921
1,1,208,0.299694396749759,7013850,7013853,10.010197162628174,245,5,0.8322655695350599
1,1,207,0.19979655001994726,7013854,7013856,10.010182857513428,245,5,0.8343066044813725
1,1,206,0.0,7013861,7013861,10.009973049163818,245,5,0.8343066044813725
1,1,205,0.0,7013862,7013862,10.009825944900513,245,5,0.8343066044813725
1,2,255,70365.64921776038,15454649,16159012,10.010040521621704,,,
1,2,254,75461.09334329392,16162426,140608,10.010430097579956,,,
1,2,253,75588.0968807445,144433,901104,10.010451793670654,,,
1,2,252,72933.79568916457,904724,1634781,10.009858846664429,,,
1,2,251,69572.1915654695,1637976,2334370,10.009660243988037,253,1,-132.97839957428377
1,2,250,67821.19509398888,2337510,3016387,10.009805917739868,253,2,-92.0178022404381
1,2,249,68178.66675856977,3019561,3702050,10.010301351547241,252,2,-85.9915800465302
1,2,248,70784.64758540814,3705316,4413827,10.009387969970703,252,2,-100.90215913684852
1,2,247,75589.49721081076,4417804,5174448,10.00990915298462,251,3,-97.32110670256868
1,2,246,82537.2628628641,5178591,6004767,10.009733438491821,250,3,-46.23933883301866
1,2,245,91055.40807189968,6008896,6920379,10.010201692581177,250,3,-20.0057548433424
1,2,244,102510.08624000108,6924992,7951184,10.01064419746399,249,4,-9.8149003119993
1,2,243,116742.98177727374,7956557,9125156,10.01001501083374,249,4,-5.860843908081394
1,2,242,126877.89935093997,9131172,10401193,10.009788990020752,248,4,-4.1272038448785064
1,2,241,130058.15668434052,10406975,11708864,10.010052680969238,247,4,-3.0572873023609084
1,2,240,123938.89901709907,11714599,12955222,10.00995659828186,246,5,-2.4817599997113104
1,2,239,126825.29298086908,12961220,14230783,10.010329723358154,246,5,-2.048490701683023
1,2,238,112954.34216681747,14236117,15366795,10.010044574737549,245,5,-1.817465108680513
1,2,237,92917.00725042495,15371441,16301632,10.010987520217896,245,5,-1.5968107389573638
1,2,236,70414.27894218433,16305007,232599,10.00944709777832,245,6,-1.2237603486371107
1,2,235,44372.56917026283,234823,679029,10.01082444190979,244,6,-0.6666242283634631
1,2,234,27303.00949773474,680356,953648,10.009592533111572,244,6,-0.19480986742574946
1,2,233,16807.63604990114,954527,1122760,10.009319543838501,244,6,0.11725281287089095
1,2,232,8910.818488235585,1123436,1212630,10.00963044166565,244,6,0.31571683226838765
1,2,231,4341.851736093719,1212922,1256385,10.010245084762573,244,6,0.4426654811271713
1,2,230,2089.787594112692,1256556,1277475,10.010108232498169,244,6,0.5273199606091798
1,2,229,1130.4591922228524,1277554,1288870,10.010091543197632,244,6,0.5867360395786527
1,2,228,528.2731757546552,1288909,1294197,10.00997257232666,244,6,0.6302804237417965
1,2,227,191.30345154672852,1294228,1296143,10.010274171829224,244,6,0.6633432575781766
1,2,226,75.92346839141558,1296162,1296922,10.010080099105835,244,6,0.6892774680912392
1,2,225,37.56054011250693,1296942,1297318,10.010505676269531,244,6,0.7101653333585776
1,2,224,15.184665106663989,1297333,1297485,10.010098934173584,244,6,0.727338873106919
1,2,223,9.689876730240764,1297501,1297598,10.010447263717651,244,6,0.7417155209292856
1,2,222,4.395518656521078,1297605,1297649,10.010195255279541,244,6,0.753922945838825
1,2,221,2.597427655459583,1297658,1297684,10.00990343093872,244,6,0.7644198266878922
1,2,220,1.3986523690654982,1297693,1297707,10.009635210037231,244,6,0.7735419638597729
1,2,219,0.79921439146648,1297716,1297724,10.009829759597778,244,6,0.781543162919208
1,2,218,0.49948541488021875,1297733,1297738,10.010302305221558,244,6,0.7886182889472635
1,2,217,0.8990794856464358,1297743,1297752,10.010238409042358,244,6,0.7949207239563734
1,2,216,0.29971416315459376,1297761,1297764,10.009536981582642,244,6,0.8005684513037427
1,2,215,0.19979697354294362,1297770,1297772,10.010161638259888,244,6,0.8056592447372724
1,2,214,0.19980126597844708,1297776,1297778,10.009946584701538,244,6,0.8102718087104759
1,2,213,0.09989834401081263,1297782,1297783,10.010175943374634,244,6,0.814470238907626
1,2,212,0.1998035788305778,1297788,1297790,10.009830713272095,244,6,0.818308417481015
1,2,211,0.7992012187411582,1297795,1297803,10.009994745254517,244,6,0.8218324257034699
1,2,210,0.0,1297806,1297806,10.010433912277222,244,6,0.8218324257034699
1,2,209,0.09989952893664517,1297810,1297811,10.010057210922241,244,6,0.8250757676095922
1,2,208,0.0,1297812,1297812,10.009767770767212,244,6,0.8250757676095922
1,2,207,0.1997830743605488,1297814,1297816,10.010858058929443,244,6,0.8280727702392734
1,2,206,0.1998103130568195,1297818,1297820,10.009493350982666,244,6,0.8308501812282529
1,2,205,0.0,1297821,1297821,10.009855031967163,244,6,0.8308501812282529
1,2,204,0.09989355938539381,1297823,1297824,10.010655403137207,244,6,0.8334309157824025
1,2,203,0.09990511845377713,1297825,1297826,10.009497165679932,244,6,0.8358354521728948
1,2,202,0.0,1297826,1297826,10.01125431060791,244,6,0.8358354521728948
1,2,201,0.09989807514601234,1297826,1297827,10.010202884674072,244,6,0.8380812650673853
1,2,200,0.0,1297829,1297829,10.009638547897339,244,6,0.8380812650673853
1,2,199,0.0,1297830,1297830,10.01004409790039,244,6,0.8380812650673853
2,0,255,165640.30020884014,2119756,3777825,10.010057926177979,,,
2,0,254,152897.27491618882,3777893,5308368,10.009825229644775,,,
2,0,253,130546.88165579874,5308437,6615212,10.010005474090576,,,
2,0,252,119498.84626295407,6620826,7817017,10.010063171386719,,,
2,0,251,110069.93138216145,7817090,8918866,10.009781837463379,253,1,-5.311561495458054
2,0,250,99131.59970654947,8918924,9911222,10.00990605354309,253,2,-3.56816881014754
2,0,249,77836.61450813017,9911265,10690387,10.009710788726807,252,2,-1.7423554783971142
2,0,248,61614.43416896387,10690439,11307186,10.009781122207642,252,2,-0.7737080870885016
2,0,247,37230.826680734244,11307226,11679898,10.009769678115845,252,2,-0.10778007599008554
2,0,246,25490.17857535938,11679926,11935084,10.010051488876343,252,3,0.20158701904460719
2,0,245,14508.779473210645,11935112,12080345,10.010008096694946,252,3,0.3811847355715078
2,0,244,9331.116501224527,12080368,12173772,10.009948968887329,252,3,0.48529316963433367
2,0,243,5456.398465273466,12173799,12228418,10.010082721710205,252,3,0.5538897906971179
2,0,242,3271.7490014707046,12228442,12261193,10.010242223739624,252,3,0.6016524782000925
2,0,241,11.48810078976844,12261213,12261328,10.010357856750488,252,3,0.642169553317478
2,0,240,6.193711933099383,12275013,12275075,10.010152339935303,252,3,0.6714210822683904
2,0,239,2.9970038564513954,12282962,12282992,10.009997129440308,252,3,0.6935313981782413
2,0,238,1.8979006504850566,12285595,12285614,10.011061429977417,252,3,0.7108292073053026
2,0,237,1.798177858463754,12287015,12287033,10.010133266448975,252,3,0.7247304705957283
2,0,236,1.6980788484669613,12287557,12287574,10.011313676834106,252,3,0.7361462214210659
2,0,235,0.8990083332170339,12287846,12287855,10.011030673980713,252,3,0.7456892424925659
2,0,234,1.1988121929856277,12287956,12287968,10.009908199310303,252,3,0.7537844791364938
2,0,233,0.8991030842745511,12288050,12288059,10.009975671768188,252,3,0.7607386873175275
2,0,232,0.49950628204501296,12288089,12288094,10.009884119033813,252,3,0.7667773101445485
2,0,231,0.7991926719305588,12288109,12288117,10.010101795196533,252,3,0.7720696874301616
2,0,230,0.699334979637555,12288125,12288132,10.009509325027466,252,3,0.7767462932195823
2,0,229,0.4995293402672286,12288137,12288142,10.009422063827515,252,3,0.7809086984538738
2,0,228,0.5994068817183504,12288147,12288153,10.009895086288452,252,3,0.7846373162266503
2,0,227,0.7992083380503422,12288158,12288166,10.009905576705933,252,3,0.7879967315721824
2,0,226,0.49949314766269515,12288173,12288178,10.010147333145142,252,3,0.7910390093902495
2,0,225,0.39959040664784884,12288183,12288187,10.010250329971313,252,3,0.7938070792105574
2,0,224,0.3995893121702901,12288189,12288193,10.01027774810791,252,3,0.7963364976912317
2,0,223,0.49946519181181287,12288194,12288199,10.01070761680603,252,3,0.7986570283071724
2,0,222,0.19979636443178428,12288201,12288203,10.010192155838013,252,3,0.8007929507488795
2,0,221,0.49949640739966134,12288207,12288212,10.010082006454468,252,3,0.8027664126255247
2,0,220,0.39957313363618924,12288219,12288223,10.010683059692383,252,3,0.8045946686148948
2,0,219,0.3995858098823918,12288226,12288230,10.01036548614502,252,3,0.8062933705129467
2,0,218,0.3995699647003046,12288234,12288238,10.010762453079224,252,3,0.8078758510254074
2,0,217,0.29968514619702535,12288240,12288243,10.01050615310669,252,3,0.8093533540822778
2,0,216,0.19980517311167903,12288245,12288247,10.009750843048096,252,3,0.810735899058675
2,0,215,0.09990021896664691,12288248,12288249,10.009988069534302,252,3,0.8120322493388568
2,0,214,0.09989120649804979,12288249,12288250,10.010891199111938,252,3,0.8132505271974391
2,0,213,0.49947585035435327,12288253,12288258,10.010493993759155,252,3,0.8143994374602821
2,0,212,0.39961166925365665,12288260,12288264,10.0097177028656,252,3,0.8154828458848533
2,0,211,0.39959663100814213,12288265,12288269,10.010094404220581,252,3,0.8165066252401403
2,0,210,0.49945941069442523,12288271,12288276,10.010823488235474,252,3,0.8174761781694868
2,0,209,0.09990069485496073,12288279,12288280,10.009940385818481,252,3,0.8183928202247661
2,0,208,0.0,12288282,12288282,10.009399652481079,252,3,0.8183928202247661
2,0,207,0.19978954073719046,12288285,12288287,10.010534048080444,252,3,0.8192634980883686
2,0,206,0.09989831783806936,12288289,12288290,10.010178565979004,252,3,0.8200902453126334
2,0,205,0.19979962893028988,12288290,12288292,10.010028600692749,252,3,0.8208777162900621
2,0,204,0.0,12288293,12288293,10.00945234298706,252,3,0.8208777162900621
2,0,203,0.0,12288294,12288294,10.010023832321167,252,3,0.8208777162900621
2,1,255,65821.09554634317,4921815,5580700,10.01024055480957,,,
2,1,254,65091.13162827154,5583739,6235291,10.009842872619629,,,
2,1,253,65143.82601360573,6238409,6890503,10.010066032409668,,,
2,1,252,66855.88023199726,6893853,7563127,10.010697603225708,,,
2,1,251,71877.035033249,7566405,8285959,10.010902643203735,253,1,-115.3220217645577
2,1,250,78850.0452553332,8289495,9078714,10.00911283493042,252,2,-29.49457327255803
2,1,249,95275.6702049437,9083031,10036703,10.009606838226318,252,2,-7.4818011867591085
2,1,248,128614.51616687179,10042253,11329751,10.010518550872803,251,2,-3.094335514945544
2,1,247,167759.45310738822,11337256,13016581,10.010315179824829,250,3,-2.1315708496824253
2,1,246,152125.93166468543,13023814,14546697,10.01067328453064,250,3,-1.1986920773468213
2,1,245,129742.38006090028,14553694,15852437,10.010167837142944,249,3,-0.7681383238174035
2,1,244,116520.63720637673,15858136,247349,10.01049280166626,248,3,-0.4633022442116117
2,1,243,100942.2014753628,252047,1262451,10.009728193283081,248,3,-0.2177715425194524
2,1,242,88140.26337960358,1267551,2149843,10.010090351104736,248,4,-0.012384128982785292
2,1,241,70486.6538954981,2153201,2858790,10.010249614715576,247,4,0.178682707468533
2,1,240,54489.81184213933,2861519,3406953,10.00983452796936,247,4,0.3436189181674545
2,1,239,41277.33254810001,3409031,3822217,10.009997606277466,247,4,0.4694410334037855
2,1,238,29385.915377019734,3823790,4117940,10.009897470474243,247,4,0.5611548627370597
2,1,237,18045.726938148964,4118912,4299551,10.010070562362671,247,4,0.6307649482444035
2,1,236,11326.818778490026,4300171,4413548,10.00960659980774,247,4,0.6808786658756043
2,1,235,5455.046114677547,4413905,4468511,10.010181188583374,246,5,0.7207024142609687
2,1,234,3090.0898002860813,4468765,4499697,10.010065078735352,246,5,0.750651405837888
2,1,233,1582.0216762294335,4499815,4515651,10.009976625442505,246,5,0.7740309308025928
2,1,232,849.4530186011572,4515714,4524217,10.009970903396606,246,5,0.7924581587846
2,1,231,305.4970088464974,4524258,4527316,10.009917974472046,246,5,0.8075178298286201
2,1,230,152.1605876154548,4527338,4528861,10.009162187576294,246,5,0.8197429857177446
2,1,229,69.83215417188396,4528879,4529578,10.009715557098389,246,5,0.829841593234292
2,1,228,28.072343316780664,4529595,4529876,10.009851932525635,246,5,0.8383061637369331
2,1,227,11.888171644709658,4529889,4530008,10.009949684143066,246,5,0.8454838952198198
2,1,226,5.794000867136526,4530022,4530080,10.010354042053223,246,5,0.8516387264962284
2,1,225,3.3966343040868723,4530089,4530123,10.00990891456604,246,5,0.8569712898678454
2,1,224,1.298673151956063,4530136,4530149,10.01021695137024,246,5,0.8616371506024247
2,1,223,1.4985991935733978,4530159,4530174,10.009347438812256,246,5,0.8657501073991447
2,1,222,0.7991870376075134,4530182,4530190,10.010172367095947,246,5,0.8694049596138987
2,1,221,0.9989687359976778,4530196,4530206,10.010323286056519,246,5,0.8726723527375806
2,1,220,0.4994868186598656,4530214,4530219,10.010274171829224,246,5,0.8756125265427263
2,1,219,0.8991001076098094,4530226,4530235,10.010008811950684,246,5,0.8782700440806035
2,1,218,0.5993776727135419,4530242,4530248,10.010382890701294,246,5,0.8806855394305337
2,1,217,0.3996126686708416,4530251,4530255,10.009692668914795,246,5,0.8828905582419969
2,1,216,0.39961813223981446,4530263,4530267,10.00955581665039,246,5,0.8849109454316635
2,1,215,0.5993885365318984,4530273,4530279,10.010201454162598,246,5,0.8867682096651777
2,1,214,0.19980013812553418,4530285,4530287,10.010003089904785,246,5,0.8884833614898335
2,1,213,0.6993295659578522,4530294,4530301,10.009586811065674,246,5,0.8900689576954581
2,1,212,0.39959212927249876,4530307,4530311,10.010207176208496,246,5,0.8915418670763466
2,1,211,0.399599705190342,4530317,4530321,10.010017395019531,246,5,0.8929126959174206
2,1,210,0.39960508274353024,4530325,4530329,10.009882688522339,246,5,0.8941916757537749
2,1,209,0.09988898693949705,4530335,4530336,10.01111364364624,246,5,0.8953891255866256
2,1,208,0.1997893123370652,4530338,4530340,10.010545492172241,246,5,0.8965109771248766
2,1,207,0.29969357588287027,4530343,4530346,10.01022458076477,246,5,0.8975640403118705
2,1,206,0.39960566333757536,4530351,4530355,10.009868144989014,246,5,0.8985543155348604
2,1,205,0.299719224744352,4530360,4530363,10.009367942810059,246,5,0.899488215540156
2,1,204,0.1998098228469402,4530366,4530368,10.009517908096313,246,5,0.9003705269555756
2,1,203,0.19980187511949313,4530369,4530371,10.009916067123413,246,5,0.901204926192265
2,1,202,0.0998922794389957,4530375,4530376,10.010783672332764,246,5,0.9019958207077203
2,1,201,0.29971328506827166,4530377,4530380,10.009566307067871,246,5,0.9027447215384663
2,1,200,0.0,4530381,4530381,10.010366916656494,246,5,0.9027447215384663
2,1,199,0.0,4530382,4530382,10.009954452514648,246,5,0.9027447215384663
2,1,198,0.19979196752077258,4530383,4530385,10.010412454605103,246,5,0.9034564844137416
2,1,197,0.0,4530386,4530386,10.010146141052246,246,5,0.9034564844137416
2,1,196,0.29971589078660527,4530388,4530391,10.009479284286499,246,5,0.9041324941860323
2,1,195,0.0,4530393,4530393,10.010992050170898,246,5,0.9041324941860323
2,1,194,0.0,4530395,4530395,10.011001348495483,246,5,0.9041324941860323
2,2,255,89259.30601240046,16171770,287973,10.00925326347351,,,
2,2,254,98802.70393678818,292455,1281454,10.00983738899231,,,
2,2,253,110782.01733084091,1286427,2395393,10.010343074798584,,,
2,2,252,122667.09108396019,2401072,3628989,10.01015830039978,,,
2,2,251,133161.87705572147,3635081,4968156,10.01093578338623,253,1,-5.979009175278647
2,2,250,138195.47798938566,4974497,6357751,10.009401321411133,252,2,-4.8968285852720035
2,2,249,135611.85012504316,6364022,7721410,10.009361267089844,252,2,-4.900219492679161
2,2,248,123509.02396246111,7727266,8963587,10.009964942932129,251,2,-5.145521746995557
2,2,247,92450.33283284515,8968573,9893972,10.009688138961792,251,2,-3.222995898984733
2,2,246,69682.98267921117,9897408,10594879,10.009201288223267,251,3,-1.0821122602118622
2,2,245,46109.26211584006,10597591,11059119,10.009442329406738,250,3,0.06811701103219803
2,2,244,30548.67442985494,11060662,11366473,10.010614395141602,250,3,0.515634286285606
2,2,243,18072.262802188263,11367523,11548430,10.010201930999756,250,3,0.707805939203601
2,2,242,10686.72818166408,11548988,11655963,10.010079622268677,250,3,0.7987447964977664
2,2,241,5716.6704281958055,11656335,11713558,10.009847640991211,250,3,0.8469378271023285
2,2,240,3142.80859665222,11713753,11745212,10.009836435317993,250,3,0.8752489814259505
2,2,239,1136.5950029745986,11745327,11756704,10.009721994400024,250,3,0.8925982500040761
2,2,238,565.8250155969912,11756758,11762422,10.010161876678467,250,3,0.9044292058160259
2,2,237,279.1187785991473,11762460,11765254,10.010075330734253,250,3,0.9129399306979274
2,2,236,123.67085971084558,11765283,11766521,10.01044225692749,250,3,0.9193058347083302
2,2,235,56.0466953581683,11766549,11767110,10.00951075553894,250,3,0.9242572067075971
2,2,234,24.575929756298333,11767128,11767374,10.009794235229492,250,3,0.9282235697033461
2,2,233,12.4873051954857,11767393,11767518,10.01016616821289,250,3,0.9314845698776599
2,2,232,5.994346371933762,11767536,11767596,10.009431600570679,250,3,0.9342138422046563
2,2,231,1.5985205419321713,11767608,11767624,10.009255170822144,250,3,0.9365291304734574
2,2,230,1.9979339030954155,11767633,11767653,10.010341167449951,250,3,0.9385293371653569
2,2,229,1.4984578863462417,11767669,11767684,10.010291337966919,250,3,0.9402719454149844
2,2,228,0.6992942874765323,11767692,11767699,10.010091781616211,250,3,0.9418016148679814
2,2,227,0.7992039598505336,11767709,11767717,10.009960412979126,250,3,0.9431582281373228
2,2,226,1.0988147336246161,11767727,11767738,10.010786771774292,250,3,0.9443710495605774
2,2,225,1.3985593615242324,11767744,11767758,10.010300874710083,250,3,0.9454626534054619
2,2,224,0.6993403934010757,11767770,11767777,10.009431838989258,250,3,0.9464449269153676
2,2,223,0.8991195098222151,11767784,11767793,10.009792804718018,250,3,0.9473381274846526
2,2,222,0.6992958364569483,11767799,11767806,10.010069608688354,250,3,0.9481515830920016
2,2,221,0.9990732683044278,11767815,11767825,10.009275913238525,250,3,0.948899021585263
2,2,220,0.49952139219788894,11767830,11767835,10.009581327438354,250,3,0.949582517316069
2,2,219,0.6993569350501518,11767844,11767851,10.00919508934021,250,3,0.950214816435071
2,2,218,0.19978437807019991,11767856,11767858,10.01079273223877,250,3,0.9507956458835951
2,2,217,0.3995877418433955,11767864,11767868,10.010317087173462,250,3,0.9513365131813567
2,2,216,0.5993952177616197,11767872,11767878,10.010089874267578,250,3,0.9518420318483021
2,2,215,0.5993913203595144,11767880,11767886,10.010154962539673,250,3,0.9523140519722427
2,2,214,0.6993024488483687,11767891,11767898,10.009974956512451,250,3,0.9527570463127703
2,2,213,0.39960002879121986,11767903,11767907,10.010009288787842,250,3,0.953169212865381
2,2,212,0.6993076289199315,11767914,11767921,10.00990080833435,250,3,0.9535603589309313
2,2,211,0.3996034551856104,11767925,11767929,10.009923458099365,250,3,0.9539251128445104
2,2,210,0.3995892741016133,11767937,11767941,10.010278701782227,250,3,0.9542692835458583
2,2,209,0.29968272658648315,11767949,11767952,10.010586977005005,250,3,0.954593179758281
2,2,208,0.39961647602019984,11767954,11767958,10.009597301483154,250,3,0.9549012889288094
2,2,207,0.1998026746227527,11767961,11767963,10.009876012802124,250,3,0.9551903760819707
2,2,206,0.2997061035147295,11767968,11767971,10.009806156158447,250,3,0.9554664115566711
2,2,205,0.1997961836026238,11767977,11767979,10.010201215744019,250,3,0.9557272016372969
2,2,204,0.19978566752239454,11767982,11767984,10.010728120803833,250,3,0.9559754294552028
2,2,203,0.0,11767985,11767985,10.010313510894775,250,3,0.9559754294552028
2,2,202,0.0,11767986,11767986,10.009269952774048,250,3,0.9559754294552028
2,2,201,0.09990064726592532,11767988,11767989,10.009945154190063,250,3,0.9562103150944637
2,2,200,0.0,11767990,11767990,10.010304689407349,250,3,0.9562103150944637
2,2,199,0.19978878416377568,11767992,11767994,10.010571956634521,250,3,0.9564366284905989
2,2,198,0.0,11767994,11767994,10.010012149810791,250,3,0.9564366284905989
2,2,197,0.0,11767997,11767997,10.01051378250122,250,3,0.9564366284905989
3,0,255,153082.95012441042,13181708,14714048,10.009867191314697,,,
3,0,254,150693.07772889273,14714123,16222574,10.010088205337524,,,
3,0,253,142562.04867835328,16222648,872407,10.009501218795776,,,
3,0,252,134602.51858055734,872479,2219872,10.010161876678467,,,
3,0,251,113277.48254876358,2219932,3353846,10.010056495666504,253,1,-12.616389876658284
3,0,250,99229.2804554601,3353908,4347197,10.010039329528809,253,2,-5.022439134465637
3,0,249,79992.37633144969,4347255,5147948,10.009616374969482,252,2,-1.9308025983724098
3,0,248,63529.39159546568,5148001,5783968,10.010594844818115,252,2,-0.6812323428354203
3,0,247,46982.542758474614,5784019,6254316,10.010037183761597,252,2,-0.07051649905579582
3,0,246,34309.82823849205,6254369,6597812,10.010047197341919,252,3,0.2357916994329613
3,0,245,24970.59785461564,6597855,6847812,10.010052680969238,252,3,0.4008049570022407
3,0,244,17715.29542088592,6847851,7025188,10.01038908958435,251,3,0.49897033544509317
3,0,243,10964.660538436367,7025224,7134975,10.009521007537842,251,3,0.5675468246198854
3,0,242,7186.514800291215,7135009,7206947,10.01013731956482,251,3,0.6153823612701692
3,0,241,4849.997461677381,7206986,7255532,10.00948977470398,251,3,0.6500362503824235
3,0,240,3088.456022179106,7255567,7286482,10.00985598564148,251,3,0.676872480483078
3,0,239,12.388271868244546,7286509,7286633,10.009467124938965,251,3,0.7034700722443745
3,0,238,9.290682081402867,7306041,7306134,10.010029315948486,251,3,0.7236889823359397
3,0,237,8.691031522122847,7318784,7318871,10.010319232940674,251,3,0.7395747775664292
3,0,236,5.294688148912952,7327270,7327323,10.010032415390015,251,3,0.752391171937709
3,0,235,4.095877369525212,7332523,7332564,10.01006531715393,251,3,0.7629472172284586
3,0,234,3.4963962386657297,7335242,7335277,10.01030707359314,251,3,0.7717919421271512
3,0,233,2.597332013786269,7336934,7336960,10.010272026062012,251,3,0.7793109984974804
3,0,232,2.3974771725538293,7337933,7337957,10.010522842407227,251,3,0.7857809419686006
3,0,231,2.497605711687671,7338476,7338501,10.009586334228516,251,3,0.7914066972989469
3,0,230,2.2978353483609095,7338827,7338850,10.009420394897461,251,3,0.7963437460852678
3,0,229,2.497474185050591,7339072,7339097,10.01011347770691,251,3,0.8007108940141503
3,0,228,1.5983864859624946,7339224,7339240,10.01009464263916,251,3,0.8046025351386975
3,0,227,2.197836330892113,7339323,7339345,10.009844541549683,251,3,0.8080911321309021
3,0,226,1.5982972166270022,7339398,7339414,10.010653734207153,251,3,0.8112371338847024
3,0,225,2.097825751703922,7339449,7339470,10.010364294052124,251,3,0.8140880245479332
3,0,224,1.9979646912250049,7339496,7339516,10.010186910629272,251,3,0.8166838490138209
3,0,223,1.4985095662218553,7339537,7339552,10.00994610786438,251,3,0.8190575364064412
3,0,222,1.7982092094736168,7339570,7339588,10.009958744049072,251,3,0.8212362757616909
3,0,221,1.3985616266039178,7339605,7339619,10.010284662246704,251,3,0.8232432589296284
3,0,220,1.4985321594419834,7339630,7339645,10.009795188903809,251,3,0.8250980563239723
3,0,219,1.298692669823044,7339656,7339669,10.010066509246826,251,3,0.8268173309302326
3,0,218,1.098884584610338,7339684,7339695,10.01015043258667,251,3,0.8284153892362528
3,0,217,1.3986780549179778,7339703,7339717,10.009451389312744,251,3,0.8299049337116395
3,0,216,1.1987076958515401,7339727,7339739,10.010780811309814,251,3,0.8312964012669265
3,0,215,1.1987730472530003,7339751,7339763,10.010235071182251,251,3,0.8325993406639545
3,0,214,1.6982367798021596,7339774,7339791,10.010382652282715,251,3,0.8338226384699037
3,0,213,0.8991291255777694,7339802,7339811,10.009685754776001,251,3,0.8349718017691092
3,0,212,0.6993388775388409,7339820,7339827,10.009453535079956,251,3,0.8360539397462561
3,0,211,1.1987883797408587,7339838,7339850,10.010107040405273,251,3,0.837075998395337
3,0,210,1.1987589428526046,7339861,7339873,10.010352849960327,251,3,0.8380421743920876
3,0,209,0.9989808704265432,7339882,7339892,10.010201692581177,251,3,0.8389565110878889
3,0,208,1.0988939022358752,7339900,7339911,10.01006555557251,251,3,0.8398237476673579
3,0,207,0.9989255540979487,7339920,7339930,10.010756015777588,251,3,0.8406469955154752
3,0,206,0.49951113623068016,7339934,7339939,10.00978684425354,251,3,0.841428247282601
3,0,205,0.8990673227719991,7339947,7339956,10.010373830795288,251,3,0.8421732305218854
3,0,204,0.8991004502464737,7339962,7339971,10.010004997253418,251,3,0.8428833776178016
3,0,203,0.8991336658278203,7339979,7339988,10.009635210037231,251,3,0.843561120540699
3,0,202,0.7992168090513795,7339995,7340003,10.009799480438232,251,3,0.8442082586968997
3,0,201,0.6993215205517813,7340011,7340018,10.00970196723938,251,3,0.8448267582286283
3,0,200,1.098903769668896,7340023,7340034,10.009975671768188,251,3,0.8454207537487264
3,0,199,0.49948279768499715,7340037,7340042,10.01035475730896,251,3,0.8459871756908792
3,0,198,0.19980045696873752,7340044,7340046,10.009987115859985,251,3,0.8465288191363268
3,0,197,0.39959918171944336,7340052,7340056,10.010030508041382,251,3,0.8470497222162361
3,0,196,0.7992225199399331,7340059,7340067,10.009727954864502,251,3,0.8475524897675133
3,0,195,0.1997976397625267,7340070,7340072,10.010128259658813,251,3,0.8480323620968966
3,0,194,0.49952104715270296,7340074,7340079,10.009588241577148,251,3,0.8484959647535795
3,0,193,0.3996044355259275,7340082,7340086,10.009898900985718,251,3,0.8489417721008998
3,0,192,0.29971249265332445,7340088,7340091,10.009592771530151,251,3,0.8493706767741118
3,0,191,0.3995883794897977,7340092,7340096,10.010301113128662,251,3,0.8497850076197636
3,0,190,0.49948393973044825,7340102,7340107,10.010331869125366,251,3,0.8501856538050409
3,0,189,0.29968334040728783,7340110,7340113,10.010566473007202,251,3,0.850570978890251
3,0,188,0.2996946180276898,7340114,7340117,10.010189771652222,251,3,0.8509432796737291
3,0,187,0.29973153318789475,7340118,7340121,10.008956909179688,251,3,0.8513032219937113
3,0,186,0.39959219589363987,7340123,7340127,10.010205507278442,251,3,0.8516523599882793
3,0,185,0.19979288114869057,7340127,7340129,10.010366678237915,251,3,0.8519884338512891
3,0,184,0.3996054444248684,7340134,7340138,10.009873628616333,251,3,0.8523158800215447
3,0,183,0.3996214161641292,7340139,7340143,10.0094735622406,251,3,0.8526332581822844
3,0,182,0.3996096418798661,7340148,7340152,10.00976848602295,251,3,0.8529410464601765
3,0,181,0.1998051445571669,7340154,7340156,10.00975227355957,251,3,0.8532374418722353
3,0,180,0.3996113456339253,7340160,7340164,10.00972580909729,251,3,0.8535273813635134
3,0,179,0.0,7340165,7340165,10.010608196258545,251,3,0.8535273813635134
3,0,178,0.29970664604552383,7340167,7340170,10.009788036346436,251,3,0.8538079312142989
3,0,177,0.09990153718839095,7340171,7340172,10.00985598564148,251,3,0.8540779059064776
3,0,176,0.39960952766223645,7340173,7340177,10.009771347045898,251,3,0.8543441941845512
3,0,175,0.09989324058526813,7340180,7340181,10.010687351226807,251,3,0.8545990735308913
3,0,174,0.1997954698065023,7340183,7340185,10.010236978530884,251,3,0.854848318012059
3,0,173,0.09989690690957115,7340186,7340187,10.010319948196411,251,3,0.8550893609871001
3,0,172,0.09989736135267896,7340188,7340189,10.010274410247803,251,3,0.8553239145912791
3,0,171,0.19979861530636092,7340190,7340192,10.010079383850098,251,3,0.8555538119919874
3,0,170,0.299701599157276,7340193,7340196,10.00995659828186,251,3,0.8557793923820867
3,0,169,0.0,7340196,7340196,10.010740995407104,251,3,0.8557793923820867
3,0,168,0.19981469649673383,7340199,7340201,10.009273767471313,251,3,0.8559977660395495
3,0,167,0.19979202462227266,7340201,7340203,10.010409593582153,251,3,0.8562106721477595
3,0,166,0.19979965272440237,7340204,7340206,10.010027408599854,251,3,0.8564183252416085
3,0,165,0.0,7340206,7340206,10.009721517562866,251,3,0.8564183252416085
3,0,164,0.09989611223888997,7340208,7340209,10.010399580001831,251,3,0.8566191228599728
3,0,163,0.0,7340209,7340209,10.009490966796875,251,3,0.8566191228599728
3,0,162,0.0,7340212,7340212,10.010296821594238,251,3,0.8566191228599728
3,0,161,0.09989184645340105,7340213,7340214,10.01082706451416,251,3,0.8568151335175658
3,0,160,0.0,7340215,7340215,10.00989818572998,251,3,0.8568151335175658
3,0,159,0.09989365455000479,7340216,7340217,10.010645866394043,251,3,0.8570064859919057
3,0,158,0.09989752076563875,7340219,7340220,10.010258436203003,251,3,0.8571932959057151
3,0,157,0.09990184414393492,7340220,7340221,10.009825229644775,251,3,0.8573757293179609
3,0,156,0.09990804790560484,7340221,7340222,10.009203672409058,251,3,0.8575539444683568
3,0,155,0.09989676891195891,7340222,7340223,10.010333776473999,251,3,0.8577280917363578
3,0,154,0.0,7340223,7340223,10.010185241699219,251,3,0.8577280917363578
3,0,153,0.0,7340223,7340223,10.010258913040161,251,3,0.8577280917363578
3,1,180,1.7981990159925505,16170841,16170859,10.010015487670898,,,
3,1,179,1.6983700635393226,16170876,16170893,10.009597063064575,,,
3,1,178,1.4984097073525715,16170917,16170932,10.010613203048706,,,
3,1,177,4.09579435178893,16170954,16170995,10.010268211364746,,,
3,1,176,13.88638246542965,16171022,16171161,10.009806394577026,177,1,-0.47073692274755574
3,1,175,81.4128378990684,16171189,16172004,10.010706186294556,175,1,0.358743323640066
3,1,174,404.107791424434,16172045,16176090,10.009705543518066,174,1,0.7844639337897896
3,1,173,1710.7393082219705,16176183,16193307,10.0097074508667,173,1,0.8736747024774496
3,1,172,5540.245098224622,16193631,16249089,10.010026454925537,172,1,0.8457080593111603
3,1,171,11662.377969728723,16249617,16366354,10.009708166122437,172,1,0.8062221901342541
3,1,170,23626.975618708082,16367429,16603938,10.010125875473022,171,1,0.7118378742368636
3,1,169,41199.77668790195,16605900,241094,10.010005712509155,170,1,0.6859923974746645
3,1,168,60570.70085110574,244046,850356,10.009955167770386,169,1,0.7098475821271901
3,1,167,79543.6219679197,853966,1650158,10.009501457214355,168,1,0.7370458126394517
3,1,166,85123.39733380704,1654090,2506161,10.009833097457886,168,2,0.8224441617532476
3,1,165,84751.07008142537,2510143,3358508,10.010080099105835,167,2,0.8619908622163276
3,1,164,81355.11758764661,3362398,4176779,10.010200023651123,167,2,0.8737895090936028
3,1,163,78770.95187367742,4180480,4968941,10.00954008102417,166,2,0.8720364696198009
3,1,162,77538.16496645498,4972573,5748737,10.010089874267578,166,2,0.8611817635970269
3,1,161,79134.38076671245,5752450,6544580,10.009934902191162,165,3,0.8395752871369516
3,1,160,83562.88873718705,6548450,7384903,10.009862184524536,165,3,0.8055483119094142
3,1,159,96331.99575430946,7389253,8353562,10.01026701927185,164,3,0.7927979244146135
3,1,158,107403.18570964193,8358406,9433524,10.010112762451172,163,4,0.7387926576694557
3,1,157,121715.78466813292,9439095,10657492,10.010180711746216,163,4,0.6464254943793742
3,1,156,136347.47896816867,10663673,12028498,10.009902715682983,162,4,0.5362550030362805
3,1,155,145489.6237039445,12037040,13493398,10.010047197341919,161,5,0.48139654609096916
3,1,154,150063.266584076,13500275,15002422,10.010091304779053,160,5,0.4814081374164968
3,1,153,142539.54244546895,15009268,16436107,10.010127544403076,160,5,0.522511900933496
3,1,152,123284.08865366597,16442140,899030,10.01026177406311,159,5,0.5680321329846543
3,1,151,87413.52093943869,903439,1778420,10.009675741195679,159,5,0.6157078477860325
3,1,150,60342.503758354826,1781537,2385579,10.010224342346191,159,6,0.6566051495923105
3,1,149,35136.16101831298,2387627,2739355,10.010427713394165,158,6,0.6859857257421512
3,1,148,21088.408135473688,2740435,2951520,10.009527444839478,158,6,0.7070442525185557
3,1,147,11976.53908587104,2952233,3072126,10.010654926300049,158,6,0.7226049167718968
3,1,146,5928.558718414362,3072582,3131929,10.010358810424805,158,6,0.7345998496919546
3,1,145,2951.987909637243,3132146,3161696,10.01020359992981,158,6,0.7447101036763808
3,1,144,1694.0185439105014,3161827,3178784,10.009925842285156,158,6,0.7536700665768901
3,1,143,753.0991405257018,3178862,3186401,10.010634183883667,158,6,0.7615014835445408
3,1,142,288.98739397401823,3186435,3189328,10.010817289352417,158,6,0.7684189762709424
3,1,141,112.58289704205384,3189366,3190493,10.010401487350464,158,6,0.7746058162374714
3,1,140,54.044741517544274,3190519,3191060,10.01022458076477,158,6,0.780187303097399
3,1,139,23.774557285825455,3191080,3191318,10.010701656341553,158,6,0.7852446955434531
3,1,138,9.589989544814799,3191340,3191436,10.010438442230225,158,6,0.789849513328176
3,1,137,4.8949304846448305,3191457,3191506,10.010356664657593,158,6,0.7940627358635244
3,1,136,2.8970469392575975,3191524,3191553,10.010193347930908,158,6,0.797932989429978
3,1,135,1.7983369375911882,3191572,3191590,10.009247779846191,158,6,0.8015006966326546
3,1,134,1.3986399096013806,3191610,3191624,10.009724378585815,158,6,0.8048003795417248
3,1,133,1.5985288045665293,3191641,3191657,10.009203433990479,158,6,0.8078617051071211
3,1,132,1.4984488570100387,3191674,3191689,10.010351657867432,158,6,0.8107093390499046
3,1,131,0.8990503638203542,3191706,3191715,10.010562658309937,158,6,0.8133642699558666
3,1,130,0.7991938711379473,3191732,3191740,10.01008677482605,158,6,0.8158458882919881
3,1,129,1.2986768946394507,3191755,3191768,10.010188102722168,158,6,0.8181714415431286
3,1,128,0.499498727311373,3191778,3191783,10.010035514831543,158,6,0.8203535101364583
3,1,127,1.0988824384380813,3191796,3191807,10.010169982910156,158,6,0.8224068330592723
3,1,126,0.9990055446743669,3191822,3191832,10.009954452514648,158,6,0.8243416005109889
3,1,125,1.1988120502175523,3191844,3191856,10.009909391403198,158,6,0.8261682741177885
3,1,124,1.0988738014881427,3191866,3191877,10.01024866104126,158,6,0.8278952410727507
3,1,123,0.9989942186387853,3191887,3191897,10.0100679397583,158,6,0.8295304287701645
3,1,122,0.6992893074677128,3191908,3191915,10.010163068771362,158,6,0.8310805636130277
3,1,121,0.4995306491052964,3191924,3191929,10.009395837783813,158,6,0.8325522016990343
3,1,120,0.8991347366481941,3191939,3191948,10.009623289108276,158,6,0.8339523126670423
3,1,119,0.29970084249561396,3191954,3191957,10.009981870651245,158,6,0.8352840444083747
3,1,118,0.09990429271732153,3191964,3191965,10.00957989692688,158,6,0.8365529190369458
3,1,117,0.09989814890523828,3191968,3191969,10.01019549369812,158,6,0.8377636567719026
3,1,116,0.09989891505589754,3191974,3191975,10.01011872291565,158,6,0.8389201653938014
3,1,115,0.1997991720844291,3191982,3191984,10.010051488876343,158,6,0.8400262549043703
3,1,114,0.19979645960515813,3191988,3191990,10.01018738746643,158,6,0.8410849469646782
3,1,113,0.39958102288709757,3191993,3191997,10.010485410690308,158,6,0.8420997506021339
3,1,112,0.19981312110150887,3192000,3192002,10.009352684020996,158,6,0.8430723573201013
3,1,111,0.19980207499470817,3192007,3192009,10.00990605354309,158,6,0.8440058128002516
3,1,110,0.09990499709107929,3192012,3192013,10.009509325027466,158,6,0.8449021501250082
3,1,109,0.0,3192016,3192016,10.009806394577026,158,6,0.8449021501250082
3,1,108,0.0,3192020,3192020,10.009990930557251,158,6,0.8449021501250082
3,2,170,4868.012447859719,6433289,6482019,10.010245561599731,,,
3,2,169,11275.737983331734,6482508,6595378,10.009987831115723,,,
3,2,168,26143.559873550064,6596475,6858180,10.010304689407349,,,
3,2,167,47609.36674943225,6860189,7336748,10.009773969650269,,,
3,2,166,67894.37573226824,7339614,8019181,10.009179592132568,167,1,0.5525947373127558
3,2,165,78686.08837314465,8022727,8810386,10.010143041610718,166,1,0.64959952701596
3,2,164,83356.6058073661,8814251,9648648,10.009968519210815,166,1,0.6894417702795105
3,2,163,82755.82904492386,9652450,10480813,10.009723901748657,165,2,0.682337260772016
3,2,162,79666.43082790304,10484591,11282042,10.009874820709229,165,2,0.6571006188425682
3,2,161,76796.5218610954,11285938,12054671,10.009997606277466,164,2,0.6215787673168212
3,2,160,76030.36787563619,12058187,12819269,10.010236978530884,164,2,0.5682469943444644
3,2,159,89307.94861769676,12823282,13717211,10.009512186050415,163,3,0.4968341842221803
3,2,158,101436.00033716165,13721835,14737229,10.010193586349487,162,3,0.39349967221745397
3,2,157,114061.14509696326,14742389,15884197,10.010490417480469,162,3,0.22044076031269577
3,2,156,129464.69530134051,15890159,408885,10.010003089904785,161,4,0.010542701191112447
3,2,155,138799.00494084205,415104,1804501,10.010136604309082,160,4,-0.0680983458950628
3,2,154,146646.76347138482,1812179,3280033,10.009453773498535,160,4,-0.07793649894702215
3,2,153,143402.76227037955,3286737,4722210,10.010079145431519,159,4,0.02325384567708544
3,2,152,124595.87408404156,4727946,5975098,10.00957703590393,159,5,0.11524351700612034
3,2,151,95681.21062205768,5980507,6938292,10.010168075561523,158,5,0.21486359292598345
3,2,150,63225.32427636642,6941671,7574591,10.01054573059082,158,5,0.32547420777883773
3,2,149,42158.24768927357,7577097,7999066,10.00916838645935,158,5,0.42995026611430986
3,2,148,23529.832581961004,8000388,8235914,10.009675979614258,157,5,0.5170277625860287
3,2,147,15852.938120493072,8236759,8395451,10.010257959365845,157,5,0.5846936480217296
3,2,146,7698.292690940034,8395914,8472975,10.010141611099243,157,5,0.6353071917268768
3,2,145,3983.6131824208187,8473229,8513103,10.009505987167358,157,5,0.6736130170211441
3,2,144,1741.8478961291864,8513264,8530700,10.010058879852295,157,5,0.7029614503275063
3,2,143,764.9648188627158,8530769,8538426,10.009610652923584,157,5,0.7259935533208717
3,2,142,290.50493791436935,8538471,8541379,10.010156869888306,157,5,0.7444362015688006
3,2,141,129.06723409140412,8541415,8542707,10.010286569595337,157,5,0.759540321927296
3,2,140,46.85399838320207,8542733,8543202,10.009818077087402,157,5,0.7721176990540686
3,2,139,28.969836670464613,8543228,8543518,10.010411977767944,157,5,0.7827708175251535
3,2,138,11.388325233259685,8543540,8543654,10.010251522064209,157,5,0.7919000711230888
3,2,137,4.894730318968693,8543677,8543726,10.01076602935791,157,5,0.7998141444041682
3,2,136,2.197698609392125,8543743,8543765,10.010471820831299,157,5,0.8067418619027334
3,2,135,2.0978850609798796,8543779,8543800,10.01008129119873,157,5,0.8128588776960866
3,2,134,1.3986211208827586,8543821,8543835,10.009858846664429,157,5,0.8182988042288605
3,2,133,1.8980532109943158,8543858,8543877,10.01025676727295,157,5,0.8231696435842093
3,2,132,0.9989803707677706,8543895,8543905,10.010206699371338,157,5,0.8275543852583549
3,2,131,1.3986464724465226,8543921,8543935,10.009677410125732,157,5,0.8315240553979297
3,2,130,0.9990312671502526,8543954,8543964,10.00969672203064,157,5,0.835133796183485
3,2,129,0.8990917559218786,8543970,8543979,10.010101795196533,157,5,0.8384308034235914
3,2,128,0.6993073790754901,8543991,8543998,10.009904384613037,157,5,0.8414538137380002
3,2,127,0.8990933405892,8544015,8544024,10.01008415222168,157,5,0.8442363382149725
3,2,126,1.2986952062608759,8544041,8544054,10.01004695892334,157,5,0.8468065422623781
3,2,125,1.298587447316733,8544061,8544074,10.01087760925293,157,5,0.8491872287497136
3,2,124,1.0989055494900024,8544091,8544102,10.00995945930481,157,5,0.8513981982628828
3,2,123,0.9990290303606355,8544111,8544121,10.009719133377075,157,5,0.8534571297919143
3,2,122,0.5993919770610805,8544129,8544135,10.010143995285034,157,5,0.8553784115866032
3,2,121,0.5994144485425916,8544145,8544151,10.009768724441528,157,5,0.8571762081137992
3,2,120,1.0988723096650859,8544162,8544173,10.010262250900269,157,5,0.8588634100864776
3,2,119,0.4994801686210478,8544180,8544185,10.010407447814941,157,5,0.8604472057741211
3,2,118,0.3995926907942408,8544194,8544198,10.010193109512329,157,5,0.8619378946740919
3,2,117,0.8991633070776002,8544207,8544216,10.009305238723755,157,5,0.863345189517565
3,2,116,0.29970245575999493,8544220,8544223,10.009927988052368,157,5,0.8646728482160843
3,2,115,0.29970038564513957,8544232,8544235,10.009997129440308,157,5,0.8659289759245492
3,2,114,0.1997893932287165,8544241,8544243,10.010541439056396,157,5,0.8671188803291272
3,2,113,0.299684625156646,8544247,8544250,10.010523557662964,157,5,0.8682482848883656
3,2,112,0.19979025449094773,8544252,8544254,10.010498285293579,157,5,0.8693210605404597
3,2,111,0.39959329038699576,8544257,8544261,10.010178089141846,157,5,0.8703423898203193
3,2,110,0.39963145864438143,8544265,8544269,10.009222030639648,157,5,0.8713152849037868
3,2,109,0.1997925432957264,8544272,8544274,10.010383605957031,157,5,0.8722423488600815
3,2,108,0.09990415231968536,8544275,8544276,10.009593963623047,157,5,0.8731270081186366
3,2,107,0.09990063298922354,8544278,8544279,10.009946584701538,157,5,0.8739724485852833
3,2,106,0.1997995813420819,8544281,8544283,10.01003098487854,157,5,0.8747816467618885
3,2,105,0.09990637017253061,8544287,8544288,10.009371757507324,157,5,0.8755560923809484
3,2,104,0.09990446880982981,8544290,8544291,10.009562253952026,157,5,0.8762983531369238
3,2,103,0.0,8544295,8544295,10.009979963302612,157,5,0.8762983531369238
3,2,102,0.0998998834681106,8544297,8544298,10.010021686553955,157,5,0.8770104124858459
3,2,101,0.0,8544298,8544298,10.010020971298218,157,5,0.8770104124858459
3,2,100,0.09989789907604237,8544300,8544301,10.010220527648926,157,5,0.8776940818093691
3,2,99,0.0,8544302,8544302,10.010253429412842,157,5,0.8776940818093691
3,2,98,0.0,8544302,8544302,10.01000690460205,157,5,0.8776940818093691
