source,analysis_mode,chip,threshold,dac,hits_per_s,mu_user_dac,target_hits_requested,target_dac_for_hits,target_hits_found,n_sigma_from_mu,sigma_ref
noise_scan_raw,gaussian,1,0,255,139906.74260235153,255,,,,,
noise_scan_raw,gaussian,1,0,254,136251.61659972297,255,,,,,
noise_scan_raw,gaussian,1,0,253,123877.21580073683,255,,,,,
noise_scan_raw,gaussian,1,0,252,104244.03545694359,255,,,,,
noise_scan_raw,gaussian,1,0,251,73784.32460485109,255,,,,,
noise_scan_raw,gaussian,1,0,250,53280.21743707882,255,,,,,
noise_scan_raw,gaussian,1,0,249,30610.933831221046,255,,,,,
noise_scan_raw,gaussian,1,0,248,19772.814121812367,255,,,,,
noise_scan_raw,gaussian,1,0,247,13225.791207883498,255,,,,,
noise_scan_raw,gaussian,1,0,246,8067.333652657848,255,,,,,
noise_scan_raw,gaussian,1,0,245,3645.482121104899,255,,,,,
noise_scan_raw,gaussian,1,0,244,10.689826795426221,255,,,,,
noise_scan_raw,gaussian,1,0,243,8.09188497167674,255,,,,,
noise_scan_raw,gaussian,1,0,242,4.295633805742111,255,,,,,
noise_scan_raw,gaussian,1,0,241,3.4964158083416117,255,,,,,
noise_scan_raw,gaussian,1,0,240,2.39752222547751,255,,,,,
noise_scan_raw,gaussian,1,0,239,36.1615253393699,255,,,,,
noise_scan_raw,gaussian,1,0,238,1.5983089409858195,255,,,,,
noise_scan_raw,gaussian,1,0,237,1.7981552881266403,255,,,,,
noise_scan_raw,gaussian,1,0,236,0.998892700288298,255,,,,,
noise_scan_raw,gaussian,1,0,235,0.9989925054792935,255,,,,,
noise_scan_raw,gaussian,1,0,234,0.6993177894117985,255,,,,,
noise_scan_raw,gaussian,1,0,233,1.2987879477060054,255,,,,,
noise_scan_raw,gaussian,1,0,232,0.7992062250870543,255,,,,,
noise_scan_raw,gaussian,1,0,231,0.599393590268863,255,,,,,
noise_scan_raw,gaussian,1,0,230,0.6992659073726313,255,,,,,
noise_scan_raw,gaussian,1,0,229,0.8991082238859682,255,,,,,
noise_scan_raw,gaussian,1,0,228,1.098907198447055,255,,,,,
noise_scan_raw,gaussian,1,0,227,0.3995526268478714,255,,,,,
noise_scan_raw,gaussian,1,0,226,0.8990537684070453,255,,,,,
noise_scan_raw,gaussian,1,0,225,0.29969763029524793,255,,,,,
noise_scan_raw,gaussian,1,0,224,0.29970351938185236,255,,,,,
noise_scan_raw,gaussian,1,0,223,0.0998965619162554,255,,,,,
noise_scan_raw,gaussian,1,0,222,0.29967058629865917,255,,,,,
noise_scan_raw,gaussian,1,0,221,0.29970847353212443,255,,,,,
noise_scan_raw,gaussian,1,0,220,0.1998007615363298,255,,,,,
noise_scan_raw,gaussian,1,0,219,0.2996969378966344,255,,,,,
noise_scan_raw,gaussian,1,0,218,0.19979814894763215,255,,,,,
noise_scan_raw,gaussian,1,0,217,0.0,255,,,,,
noise_scan_raw,gaussian,1,0,216,0.09989576725106297,255,,,,,
noise_scan_raw,gaussian,1,0,215,0.09989416130461179,255,,,,,
noise_scan_raw,gaussian,1,0,214,0.09989361886325443,255,,,,,
noise_scan_raw,gaussian,1,0,213,0.09989453007293345,255,,,,,
noise_scan_raw,gaussian,1,0,212,0.0,255,,,,,
noise_scan_raw,gaussian,1,0,211,0.09989939569057049,255,,,,,
noise_scan_raw,gaussian,1,0,210,0.0,255,,,,,
noise_scan_raw,gaussian,1,0,209,0.09989133972227981,255,,,,,
noise_scan_raw,gaussian,1,0,208,0.0,255,,,,,
noise_scan_raw,gaussian,1,0,207,0.0,255,,,,,
noise_scan_raw,gaussian,1,1,255,78635.65521970938,242,2.0,222,0.6992951036051435,4.0,5.0
noise_scan_raw,gaussian,1,1,254,75904.10519530236,242,2.0,222,0.6992951036051435,4.0,5.0
noise_scan_raw,gaussian,1,1,253,73936.85679548573,242,2.0,222,0.6992951036051435,4.0,5.0
noise_scan_raw,gaussian,1,1,252,70808.80362811209,242,2.0,222,0.6992951036051435,4.0,5.0
noise_scan_raw,gaussian,1,1,251,70169.53674307768,242,2.0,222,0.6992951036051435,4.0,5.0
noise_scan_raw,gaussian,1,1,250,71408.59479279061,242,2.0,222,0.6992951036051435,4.0,5.0
noise_scan_raw,gaussian,1,1,249,73277.09804955518,242,2.0,222,0.6992951036051435,4.0,5.0
noise_scan_raw,gaussian,1,1,248,79006.58660417877,242,2.0,222,0.6992951036051435,4.0,5.0
noise_scan_raw,gaussian,1,1,247,85645.0446727646,242,2.0,222,0.6992951036051435,4.0,5.0
noise_scan_raw,gaussian,1,1,246,96526.50278905187,242,2.0,222,0.6992951036051435,4.0,5.0
noise_scan_raw,gaussian,1,1,245,104772.00691741404,242,2.0,222,0.6992951036051435,4.0,5.0
noise_scan_raw,gaussian,1,1,244,119106.82891185326,242,2.0,222,0.6992951036051435,4.0,5.0
noise_scan_raw,gaussian,1,1,243,127046.73836862842,242,2.0,222,0.6992951036051435,4.0,5.0
noise_scan_raw,gaussian,1,1,242,133587.84897914017,242,2.0,222,0.6992951036051435,4.0,5.0
noise_scan_raw,gaussian,1,1,241,131305.484790187,242,2.0,222,0.6992951036051435,4.0,5.0
noise_scan_raw,gaussian,1,1,240,117834.58415437986,242,2.0,222,0.6992951036051435,4.0,5.0
noise_scan_raw,gaussian,1,1,239,71638.3419482696,242,2.0,222,0.6992951036051435,4.0,5.0
noise_scan_raw,gaussian,1,1,238,44525.775531647814,242,2.0,222,0.6992951036051435,4.0,5.0
noise_scan_raw,gaussian,1,1,237,33325.65813917041,242,2.0,222,0.6992951036051435,4.0,5.0
noise_scan_raw,gaussian,1,1,236,16967.751589889984,242,2.0,222,0.6992951036051435,4.0,5.0
noise_scan_raw,gaussian,1,1,235,11193.099631597996,242,2.0,222,0.6992951036051435,4.0,5.0
noise_scan_raw,gaussian,1,1,234,5427.421290315158,242,2.0,222,0.6992951036051435,4.0,5.0
noise_scan_raw,gaussian,1,1,233,3379.3617323242333,242,2.0,222,0.6992951036051435,4.0,5.0
noise_scan_raw,gaussian,1,1,232,1408.9249349655101,242,2.0,222,0.6992951036051435,4.0,5.0
noise_scan_raw,gaussian,1,1,231,769.0136607674838,242,2.0,222,0.6992951036051435,4.0,5.0
noise_scan_raw,gaussian,1,1,230,306.7646020145611,242,2.0,222,0.6992951036051435,4.0,5.0
noise_scan_raw,gaussian,1,1,229,182.61454690395894,242,2.0,222,0.6992951036051435,4.0,5.0
noise_scan_raw,gaussian,1,1,228,67.02998159924013,242,2.0,222,0.6992951036051435,4.0,5.0
noise_scan_raw,gaussian,1,1,227,35.26010281516302,242,2.0,222,0.6992951036051435,4.0,5.0
noise_scan_raw,gaussian,1,1,226,11.68796678110262,242,2.0,222,0.6992951036051435,4.0,5.0
noise_scan_raw,gaussian,1,1,225,6.693739716342617,242,2.0,222,0.6992951036051435,4.0,5.0
noise_scan_raw,gaussian,1,1,224,2.9969002122424193,242,2.0,222,0.6992951036051435,4.0,5.0
noise_scan_raw,gaussian,1,1,223,2.097979403115076,242,2.0,222,0.6992951036051435,4.0,5.0
noise_scan_raw,gaussian,1,1,222,0.6992951036051435,242,2.0,222,0.6992951036051435,4.0,5.0
noise_scan_raw,gaussian,1,1,221,1.0988916513343323,242,2.0,222,0.6992951036051435,4.0,5.0
noise_scan_raw,gaussian,1,1,220,0.5993936188212913,242,2.0,222,0.6992951036051435,4.0,5.0
noise_scan_raw,gaussian,1,1,219,0.4994825954483261,242,2.0,222,0.6992951036051435,4.0,5.0
noise_scan_raw,gaussian,1,1,218,0.2996913702715038,242,2.0,222,0.6992951036051435,4.0,5.0
noise_scan_raw,gaussian,1,1,217,0.3995759790598875,242,2.0,222,0.6992951036051435,4.0,5.0
noise_scan_raw,gaussian,1,1,216,0.5993840110827036,242,2.0,222,0.6992951036051435,4.0,5.0
noise_scan_raw,gaussian,1,1,215,0.29971355634642355,242,2.0,222,0.6992951036051435,4.0,5.0
noise_scan_raw,gaussian,1,1,214,0.49949652636896846,242,2.0,222,0.6992951036051435,4.0,5.0
noise_scan_raw,gaussian,1,1,213,0.6992925053247582,242,2.0,222,0.6992951036051435,4.0,5.0
noise_scan_raw,gaussian,1,1,212,0.2996966095437711,242,2.0,222,0.6992951036051435,4.0,5.0
noise_scan_raw,gaussian,1,1,211,0.2997014278373198,242,2.0,222,0.6992951036051435,4.0,5.0
noise_scan_raw,gaussian,1,1,210,0.1997814804320864,242,2.0,222,0.6992951036051435,4.0,5.0
noise_scan_raw,gaussian,1,1,209,0.09990437362461312,242,2.0,222,0.6992951036051435,4.0,5.0
noise_scan_raw,gaussian,1,1,208,0.299694396749759,242,2.0,222,0.6992951036051435,4.0,5.0
noise_scan_raw,gaussian,1,1,207,0.19979655001994726,242,2.0,222,0.6992951036051435,4.0,5.0
noise_scan_raw,gaussian,1,1,206,0.0,242,2.0,222,0.6992951036051435,4.0,5.0
noise_scan_raw,gaussian,1,1,205,0.0,242,2.0,222,0.6992951036051435,4.0,5.0
noise_scan_raw,gaussian,1,2,255,70365.64921776038,240,2.0,220,1.3986523690654982,3.3333333333333335,6.0
noise_scan_raw,gaussian,1,2,254,75461.09334329392,240,2.0,220,1.3986523690654982,3.3333333333333335,6.0
noise_scan_raw,gaussian,1,2,253,75588.0968807445,240,2.0,220,1.3986523690654982,3.3333333333333335,6.0
noise_scan_raw,gaussian,1,2,252,72933.79568916457,240,2.0,220,1.3986523690654982,3.3333333333333335,6.0
noise_scan_raw,gaussian,1,2,251,69572.1915654695,240,2.0,220,1.3986523690654982,3.3333333333333335,6.0
noise_scan_raw,gaussian,1,2,250,67821.19509398888,240,2.0,220,1.3986523690654982,3.3333333333333335,6.0
noise_scan_raw,gaussian,1,2,249,68178.66675856977,240,2.0,220,1.3986523690654982,3.3333333333333335,6.0
noise_scan_raw,gaussian,1,2,248,70784.64758540814,240,2.0,220,1.3986523690654982,3.3333333333333335,6.0
noise_scan_raw,gaussian,1,2,247,75589.49721081076,240,2.0,220,1.3986523690654982,3.3333333333333335,6.0
noise_scan_raw,gaussian,1,2,246,82537.2628628641,240,2.0,220,1.3986523690654982,3.3333333333333335,6.0
noise_scan_raw,gaussian,1,2,245,91055.40807189968,240,2.0,220,1.3986523690654982,3.3333333333333335,6.0
noise_scan_raw,gaussian,1,2,244,102510.08624000108,240,2.0,220,1.3986523690654982,3.3333333333333335,6.0
noise_scan_raw,gaussian,1,2,243,116742.98177727374,240,2.0,220,1.3986523690654982,3.3333333333333335,6.0
noise_scan_raw,gaussian,1,2,242,126877.89935093997,240,2.0,220,1.3986523690654982,3.3333333333333335,6.0
noise_scan_raw,gaussian,1,2,241,130058.15668434052,240,2.0,220,1.3986523690654982,3.3333333333333335,6.0
noise_scan_raw,gaussian,1,2,240,123938.89901709907,240,2.0,220,1.3986523690654982,3.3333333333333335,6.0
noise_scan_raw,gaussian,1,2,239,126825.29298086908,240,2.0,220,1.3986523690654982,3.3333333333333335,6.0
noise_scan_raw,gaussian,1,2,238,112954.34216681747,240,2.0,220,1.3986523690654982,3.3333333333333335,6.0
noise_scan_raw,gaussian,1,2,237,92917.00725042495,240,2.0,220,1.3986523690654982,3.3333333333333335,6.0
noise_scan_raw,gaussian,1,2,236,70414.27894218433,240,2.0,220,1.3986523690654982,3.3333333333333335,6.0
noise_scan_raw,gaussian,1,2,235,44372.56917026283,240,2.0,220,1.3986523690654982,3.3333333333333335,6.0
noise_scan_raw,gaussian,1,2,234,27303.00949773474,240,2.0,220,1.3986523690654982,3.3333333333333335,6.0
noise_scan_raw,gaussian,1,2,233,16807.63604990114,240,2.0,220,1.3986523690654982,3.3333333333333335,6.0
noise_scan_raw,gaussian,1,2,232,8910.818488235585,240,2.0,220,1.3986523690654982,3.3333333333333335,6.0
noise_scan_raw,gaussian,1,2,231,4341.851736093719,240,2.0,220,1.3986523690654982,3.3333333333333335,6.0
noise_scan_raw,gaussian,1,2,230,2089.787594112692,240,2.0,220,1.3986523690654982,3.3333333333333335,6.0
noise_scan_raw,gaussian,1,2,229,1130.4591922228524,240,2.0,220,1.3986523690654982,3.3333333333333335,6.0
noise_scan_raw,gaussian,1,2,228,528.2731757546552,240,2.0,220,1.3986523690654982,3.3333333333333335,6.0
noise_scan_raw,gaussian,1,2,227,191.30345154672852,240,2.0,220,1.3986523690654982,3.3333333333333335,6.0
noise_scan_raw,gaussian,1,2,226,75.92346839141558,240,2.0,220,1.3986523690654982,3.3333333333333335,6.0
noise_scan_raw,gaussian,1,2,225,37.56054011250693,240,2.0,220,1.3986523690654982,3.3333333333333335,6.0
noise_scan_raw,gaussian,1,2,224,15.184665106663989,240,2.0,220,1.3986523690654982,3.3333333333333335,6.0
noise_scan_raw,gaussian,1,2,223,9.689876730240764,240,2.0,220,1.3986523690654982,3.3333333333333335,6.0
noise_scan_raw,gaussian,1,2,222,4.395518656521078,240,2.0,220,1.3986523690654982,3.3333333333333335,6.0
noise_scan_raw,gaussian,1,2,221,2.597427655459583,240,2.0,220,1.3986523690654982,3.3333333333333335,6.0
noise_scan_raw,gaussian,1,2,220,1.3986523690654982,240,2.0,220,1.3986523690654982,3.3333333333333335,6.0
noise_scan_raw,gaussian,1,2,219,0.79921439146648,240,2.0,220,1.3986523690654982,3.3333333333333335,6.0
noise_scan_raw,gaussian,1,2,218,0.49948541488021875,240,2.0,220,1.3986523690654982,3.3333333333333335,6.0
noise_scan_raw,gaussian,1,2,217,0.8990794856464358,240,2.0,220,1.3986523690654982,3.3333333333333335,6.0
noise_scan_raw,gaussian,1,2,216,0.29971416315459376,240,2.0,220,1.3986523690654982,3.3333333333333335,6.0
noise_scan_raw,gaussian,1,2,215,0.19979697354294362,240,2.0,220,1.3986523690654982,3.3333333333333335,6.0
noise_scan_raw,gaussian,1,2,214,0.19980126597844708,240,2.0,220,1.3986523690654982,3.3333333333333335,6.0
noise_scan_raw,gaussian,1,2,213,0.09989834401081263,240,2.0,220,1.3986523690654982,3.3333333333333335,6.0
noise_scan_raw,gaussian,1,2,212,0.1998035788305778,240,2.0,220,1.3986523690654982,3.3333333333333335,6.0
noise_scan_raw,gaussian,1,2,211,0.7992012187411582,240,2.0,220,1.3986523690654982,3.3333333333333335,6.0
noise_scan_raw,gaussian,1,2,210,0.0,240,2.0,220,1.3986523690654982,3.3333333333333335,6.0
noise_scan_raw,gaussian,1,2,209,0.09989952893664517,240,2.0,220,1.3986523690654982,3.3333333333333335,6.0
noise_scan_raw,gaussian,1,2,208,0.0,240,2.0,220,1.3986523690654982,3.3333333333333335,6.0
noise_scan_raw,gaussian,1,2,207,0.1997830743605488,240,2.0,220,1.3986523690654982,3.3333333333333335,6.0
noise_scan_raw,gaussian,1,2,206,0.1998103130568195,240,2.0,220,1.3986523690654982,3.3333333333333335,6.0
noise_scan_raw,gaussian,1,2,205,0.0,240,2.0,220,1.3986523690654982,3.3333333333333335,6.0
noise_scan_raw,gaussian,1,2,204,0.09989355938539381,240,2.0,220,1.3986523690654982,3.3333333333333335,6.0
noise_scan_raw,gaussian,1,2,203,0.09990511845377713,240,2.0,220,1.3986523690654982,3.3333333333333335,6.0
noise_scan_raw,gaussian,1,2,202,0.0,240,2.0,220,1.3986523690654982,3.3333333333333335,6.0
noise_scan_raw,gaussian,1,2,201,0.09989807514601234,240,2.0,220,1.3986523690654982,3.3333333333333335,6.0
noise_scan_raw,gaussian,1,2,200,0.0,240,2.0,220,1.3986523690654982,3.3333333333333335,6.0
noise_scan_raw,gaussian,1,2,199,0.0,240,2.0,220,1.3986523690654982,3.3333333333333335,6.0
noise_scan_raw,gaussian,2,0,255,165640.30020884014,255,2.0,238,1.8979006504850566,5.666666666666667,3.0
noise_scan_raw,gaussian,2,0,254,152897.27491618882,255,2.0,238,1.8979006504850566,5.666666666666667,3.0
noise_scan_raw,gaussian,2,0,253,130546.88165579874,255,2.0,238,1.8979006504850566,5.666666666666667,3.0
noise_scan_raw,gaussian,2,0,252,119498.84626295407,255,2.0,238,1.8979006504850566,5.666666666666667,3.0
noise_scan_raw,gaussian,2,0,251,110069.93138216145,255,2.0,238,1.8979006504850566,5.666666666666667,3.0
noise_scan_raw,gaussian,2,0,250,99131.59970654947,255,2.0,238,1.8979006504850566,5.666666666666667,3.0
noise_scan_raw,gaussian,2,0,249,77836.61450813017,255,2.0,238,1.8979006504850566,5.666666666666667,3.0
noise_scan_raw,gaussian,2,0,248,61614.43416896387,255,2.0,238,1.8979006504850566,5.666666666666667,3.0
noise_scan_raw,gaussian,2,0,247,37230.826680734244,255,2.0,238,1.8979006504850566,5.666666666666667,3.0
noise_scan_raw,gaussian,2,0,246,25490.17857535938,255,2.0,238,1.8979006504850566,5.666666666666667,3.0
noise_scan_raw,gaussian,2,0,245,14508.779473210645,255,2.0,238,1.8979006504850566,5.666666666666667,3.0
noise_scan_raw,gaussian,2,0,244,9331.116501224527,255,2.0,238,1.8979006504850566,5.666666666666667,3.0
noise_scan_raw,gaussian,2,0,243,5456.398465273466,255,2.0,238,1.8979006504850566,5.666666666666667,3.0
noise_scan_raw,gaussian,2,0,242,3271.7490014707046,255,2.0,238,1.8979006504850566,5.666666666666667,3.0
noise_scan_raw,gaussian,2,0,241,11.48810078976844,255,2.0,238,1.8979006504850566,5.666666666666667,3.0
noise_scan_raw,gaussian,2,0,240,6.193711933099383,255,2.0,238,1.8979006504850566,5.666666666666667,3.0
noise_scan_raw,gaussian,2,0,239,2.9970038564513954,255,2.0,238,1.8979006504850566,5.666666666666667,3.0
noise_scan_raw,gaussian,2,0,238,1.8979006504850566,255,2.0,238,1.8979006504850566,5.666666666666667,3.0
noise_scan_raw,gaussian,2,0,237,1.798177858463754,255,2.0,238,1.8979006504850566,5.666666666666667,3.0
noise_scan_raw,gaussian,2,0,236,1.6980788484669613,255,2.0,238,1.8979006504850566,5.666666666666667,3.0
noise_scan_raw,gaussian,2,0,235,0.8990083332170339,255,2.0,238,1.8979006504850566,5.666666666666667,3.0
noise_scan_raw,gaussian,2,0,234,1.1988121929856277,255,2.0,238,1.8979006504850566,5.666666666666667,3.0
noise_scan_raw,gaussian,2,0,233,0.8991030842745511,255,2.0,238,1.8979006504850566,5.666666666666667,3.0
noise_scan_raw,gaussian,2,0,232,0.49950628204501296,255,2.0,238,1.8979006504850566,5.666666666666667,3.0
noise_scan_raw,gaussian,2,0,231,0.7991926719305588,255,2.0,238,1.8979006504850566,5.666666666666667,3.0
noise_scan_raw,gaussian,2,0,230,0.699334979637555,255,2.0,238,1.8979006504850566,5.666666666666667,3.0
noise_scan_raw,gaussian,2,0,229,0.4995293402672286,255,2.0,238,1.8979006504850566,5.666666666666667,3.0
noise_scan_raw,gaussian,2,0,228,0.5994068817183504,255,2.0,238,1.8979006504850566,5.666666666666667,3.0
noise_scan_raw,gaussian,2,0,227,0.7992083380503422,255,2.0,238,1.8979006504850566,5.666666666666667,3.0
noise_scan_raw,gaussian,2,0,226,0.49949314766269515,255,2.0,238,1.8979006504850566,5.666666666666667,3.0
noise_scan_raw,gaussian,2,0,225,0.39959040664784884,255,2.0,238,1.8979006504850566,5.666666666666667,3.0
noise_scan_raw,gaussian,2,0,224,0.3995893121702901,255,2.0,238,1.8979006504850566,5.666666666666667,3.0
noise_scan_raw,gaussian,2,0,223,0.49946519181181287,255,2.0,238,1.8979006504850566,5.666666666666667,3.0
noise_scan_raw,gaussian,2,0,222,0.19979636443178428,255,2.0,238,1.8979006504850566,5.666666666666667,3.0
noise_scan_raw,gaussian,2,0,221,0.49949640739966134,255,2.0,238,1.8979006504850566,5.666666666666667,3.0
noise_scan_raw,gaussian,2,0,220,0.39957313363618924,255,2.0,238,1.8979006504850566,5.666666666666667,3.0
noise_scan_raw,gaussian,2,0,219,0.3995858098823918,255,2.0,238,1.8979006504850566,5.666666666666667,3.0
noise_scan_raw,gaussian,2,0,218,0.3995699647003046,255,2.0,238,1.8979006504850566,5.666666666666667,3.0
noise_scan_raw,gaussian,2,0,217,0.29968514619702535,255,2.0,238,1.8979006504850566,5.666666666666667,3.0
noise_scan_raw,gaussian,2,0,216,0.19980517311167903,255,2.0,238,1.8979006504850566,5.666666666666667,3.0
noise_scan_raw,gaussian,2,0,215,0.09990021896664691,255,2.0,238,1.8979006504850566,5.666666666666667,3.0
noise_scan_raw,gaussian,2,0,214,0.09989120649804979,255,2.0,238,1.8979006504850566,5.666666666666667,3.0
noise_scan_raw,gaussian,2,0,213,0.49947585035435327,255,2.0,238,1.8979006504850566,5.666666666666667,3.0
noise_scan_raw,gaussian,2,0,212,0.39961166925365665,255,2.0,238,1.8979006504850566,5.666666666666667,3.0
noise_scan_raw,gaussian,2,0,211,0.39959663100814213,255,2.0,238,1.8979006504850566,5.666666666666667,3.0
noise_scan_raw,gaussian,2,0,210,0.49945941069442523,255,2.0,238,1.8979006504850566,5.666666666666667,3.0
noise_scan_raw,gaussian,2,0,209,0.09990069485496073,255,2.0,238,1.8979006504850566,5.666666666666667,3.0
noise_scan_raw,gaussian,2,0,208,0.0,255,2.0,238,1.8979006504850566,5.666666666666667,3.0
noise_scan_raw,gaussian,2,0,207,0.19978954073719046,255,2.0,238,1.8979006504850566,5.666666666666667,3.0
noise_scan_raw,gaussian,2,0,206,0.09989831783806936,255,2.0,238,1.8979006504850566,5.666666666666667,3.0
noise_scan_raw,gaussian,2,0,205,0.19979962893028988,255,2.0,238,1.8979006504850566,5.666666666666667,3.0
noise_scan_raw,gaussian,2,0,204,0.0,255,2.0,238,1.8979006504850566,5.666666666666667,3.0
noise_scan_raw,gaussian,2,0,203,0.0,255,2.0,238,1.8979006504850566,5.666666666666667,3.0
noise_scan_raw,gaussian,2,1,255,65821.09554634317,247,2.0,224,1.298673151956063,4.6,5.0
noise_scan_raw,gaussian,2,1,254,65091.13162827154,247,2.0,224,1.298673151956063,4.6,5.0
noise_scan_raw,gaussian,2,1,253,65143.82601360573,247,2.0,224,1.298673151956063,4.6,5.0
noise_scan_raw,gaussian,2,1,252,66855.88023199726,247,2.0,224,1.298673151956063,4.6,5.0
noise_scan_raw,gaussian,2,1,251,71877.035033249,247,2.0,224,1.298673151956063,4.6,5.0
noise_scan_raw,gaussian,2,1,250,78850.0452553332,247,2.0,224,1.298673151956063,4.6,5.0
noise_scan_raw,gaussian,2,1,249,95275.6702049437,247,2.0,224,1.298673151956063,4.6,5.0
noise_scan_raw,gaussian,2,1,248,128614.51616687179,247,2.0,224,1.298673151956063,4.6,5.0
noise_scan_raw,gaussian,2,1,247,167759.45310738822,247,2.0,224,1.298673151956063,4.6,5.0
noise_scan_raw,gaussian,2,1,246,152125.93166468543,247,2.0,224,1.298673151956063,4.6,5.0
noise_scan_raw,gaussian,2,1,245,129742.38006090028,247,2.0,224,1.298673151956063,4.6,5.0
noise_scan_raw,gaussian,2,1,244,116520.63720637673,247,2.0,224,1.298673151956063,4.6,5.0
noise_scan_raw,gaussian,2,1,243,100942.2014753628,247,2.0,224,1.298673151956063,4.6,5.0
noise_scan_raw,gaussian,2,1,242,88140.26337960358,247,2.0,224,1.298673151956063,4.6,5.0
noise_scan_raw,gaussian,2,1,241,70486.6538954981,247,2.0,224,1.298673151956063,4.6,5.0
noise_scan_raw,gaussian,2,1,240,54489.81184213933,247,2.0,224,1.298673151956063,4.6,5.0
noise_scan_raw,gaussian,2,1,239,41277.33254810001,247,2.0,224,1.298673151956063,4.6,5.0
noise_scan_raw,gaussian,2,1,238,29385.915377019734,247,2.0,224,1.298673151956063,4.6,5.0
noise_scan_raw,gaussian,2,1,237,18045.726938148964,247,2.0,224,1.298673151956063,4.6,5.0
noise_scan_raw,gaussian,2,1,236,11326.818778490026,247,2.0,224,1.298673151956063,4.6,5.0
noise_scan_raw,gaussian,2,1,235,5455.046114677547,247,2.0,224,1.298673151956063,4.6,5.0
noise_scan_raw,gaussian,2,1,234,3090.0898002860813,247,2.0,224,1.298673151956063,4.6,5.0
noise_scan_raw,gaussian,2,1,233,1582.0216762294335,247,2.0,224,1.298673151956063,4.6,5.0
noise_scan_raw,gaussian,2,1,232,849.4530186011572,247,2.0,224,1.298673151956063,4.6,5.0
noise_scan_raw,gaussian,2,1,231,305.4970088464974,247,2.0,224,1.298673151956063,4.6,5.0
noise_scan_raw,gaussian,2,1,230,152.1605876154548,247,2.0,224,1.298673151956063,4.6,5.0
noise_scan_raw,gaussian,2,1,229,69.83215417188396,247,2.0,224,1.298673151956063,4.6,5.0
noise_scan_raw,gaussian,2,1,228,28.072343316780664,247,2.0,224,1.298673151956063,4.6,5.0
noise_scan_raw,gaussian,2,1,227,11.888171644709658,247,2.0,224,1.298673151956063,4.6,5.0
noise_scan_raw,gaussian,2,1,226,5.794000867136526,247,2.0,224,1.298673151956063,4.6,5.0
noise_scan_raw,gaussian,2,1,225,3.3966343040868723,247,2.0,224,1.298673151956063,4.6,5.0
noise_scan_raw,gaussian,2,1,224,1.298673151956063,247,2.0,224,1.298673151956063,4.6,5.0
noise_scan_raw,gaussian,2,1,223,1.4985991935733978,247,2.0,224,1.298673151956063,4.6,5.0
noise_scan_raw,gaussian,2,1,222,0.7991870376075134,247,2.0,224,1.298673151956063,4.6,5.0
noise_scan_raw,gaussian,2,1,221,0.9989687359976778,247,2.0,224,1.298673151956063,4.6,5.0
noise_scan_raw,gaussian,2,1,220,0.4994868186598656,247,2.0,224,1.298673151956063,4.6,5.0
noise_scan_raw,gaussian,2,1,219,0.8991001076098094,247,2.0,224,1.298673151956063,4.6,5.0
noise_scan_raw,gaussian,2,1,218,0.5993776727135419,247,2.0,224,1.298673151956063,4.6,5.0
noise_scan_raw,gaussian,2,1,217,0.3996126686708416,247,2.0,224,1.298673151956063,4.6,5.0
noise_scan_raw,gaussian,2,1,216,0.39961813223981446,247,2.0,224,1.298673151956063,4.6,5.0
noise_scan_raw,gaussian,2,1,215,0.5993885365318984,247,2.0,224,1.298673151956063,4.6,5.0
noise_scan_raw,gaussian,2,1,214,0.19980013812553418,247,2.0,224,1.298673151956063,4.6,5.0
noise_scan_raw,gaussian,2,1,213,0.6993295659578522,247,2.0,224,1.298673151956063,4.6,5.0
noise_scan_raw,gaussian,2,1,212,0.39959212927249876,247,2.0,224,1.298673151956063,4.6,5.0
noise_scan_raw,gaussian,2,1,211,0.399599705190342,247,2.0,224,1.298673151956063,4.6,5.0
noise_scan_raw,gaussian,2,1,210,0.39960508274353024,247,2.0,224,1.298673151956063,4.6,5.0
noise_scan_raw,gaussian,2,1,209,0.09988898693949705,247,2.0,224,1.298673151956063,4.6,5.0
noise_scan_raw,gaussian,2,1,208,0.1997893123370652,247,2.0,224,1.298673151956063,4.6,5.0
noise_scan_raw,gaussian,2,1,207,0.29969357588287027,247,2.0,224,1.298673151956063,4.6,5.0
noise_scan_raw,gaussian,2,1,206,0.39960566333757536,247,2.0,224,1.298673151956063,4.6,5.0
noise_scan_raw,gaussian,2,1,205,0.299719224744352,247,2.0,224,1.298673151956063,4.6,5.0
noise_scan_raw,gaussian,2,1,204,0.1998098228469402,247,2.0,224,1.298673151956063,4.6,5.0
noise_scan_raw,gaussian,2,1,203,0.19980187511949313,247,2.0,224,1.298673151956063,4.6,5.0
noise_scan_raw,gaussian,2,1,202,0.0998922794389957,247,2.0,224,1.298673151956063,4.6,5.0
noise_scan_raw,gaussian,2,1,201,0.29971328506827166,247,2.0,224,1.298673151956063,4.6,5.0
noise_scan_raw,gaussian,2,1,200,0.0,247,2.0,224,1.298673151956063,4.6,5.0
noise_scan_raw,gaussian,2,1,199,0.0,247,2.0,224,1.298673151956063,4.6,5.0
noise_scan_raw,gaussian,2,1,198,0.19979196752077258,247,2.0,224,1.298673151956063,4.6,5.0
noise_scan_raw,gaussian,2,1,197,0.0,247,2.0,224,1.298673151956063,4.6,5.0
noise_scan_raw,gaussian,2,1,196,0.29971589078660527,247,2.0,224,1.298673151956063,4.6,5.0
noise_scan_raw,gaussian,2,1,195,0.0,247,2.0,224,1.298673151956063,4.6,5.0
noise_scan_raw,gaussian,2,1,194,0.0,247,2.0,224,1.298673151956063,4.6,5.0
noise_scan_raw,gaussian,2,2,255,89259.30601240046,250,2.0,231,1.5985205419321713,6.333333333333333,3.0
noise_scan_raw,gaussian,2,2,254,98802.70393678818,250,2.0,231,1.5985205419321713,6.333333333333333,3.0
noise_scan_raw,gaussian,2,2,253,110782.01733084091,250,2.0,231,1.5985205419321713,6.333333333333333,3.0
noise_scan_raw,gaussian,2,2,252,122667.09108396019,250,2.0,231,1.5985205419321713,6.333333333333333,3.0
noise_scan_raw,gaussian,2,2,251,133161.87705572147,250,2.0,231,1.5985205419321713,6.333333333333333,3.0
noise_scan_raw,gaussian,2,2,250,138195.47798938566,250,2.0,231,1.5985205419321713,6.333333333333333,3.0
noise_scan_raw,gaussian,2,2,249,135611.85012504316,250,2.0,231,1.5985205419321713,6.333333333333333,3.0
noise_scan_raw,gaussian,2,2,248,123509.02396246111,250,2.0,231,1.5985205419321713,6.333333333333333,3.0
noise_scan_raw,gaussian,2,2,247,92450.33283284515,250,2.0,231,1.5985205419321713,6.333333333333333,3.0
noise_scan_raw,gaussian,2,2,246,69682.98267921117,250,2.0,231,1.5985205419321713,6.333333333333333,3.0
noise_scan_raw,gaussian,2,2,245,46109.26211584006,250,2.0,231,1.5985205419321713,6.333333333333333,3.0
noise_scan_raw,gaussian,2,2,244,30548.67442985494,250,2.0,231,1.5985205419321713,6.333333333333333,3.0
noise_scan_raw,gaussian,2,2,243,18072.262802188263,250,2.0,231,1.5985205419321713,6.333333333333333,3.0
noise_scan_raw,gaussian,2,2,242,10686.72818166408,250,2.0,231,1.5985205419321713,6.333333333333333,3.0
noise_scan_raw,gaussian,2,2,241,5716.6704281958055,250,2.0,231,1.5985205419321713,6.333333333333333,3.0
noise_scan_raw,gaussian,2,2,240,3142.80859665222,250,2.0,231,1.5985205419321713,6.333333333333333,3.0
noise_scan_raw,gaussian,2,2,239,1136.5950029745986,250,2.0,231,1.5985205419321713,6.333333333333333,3.0
noise_scan_raw,gaussian,2,2,238,565.8250155969912,250,2.0,231,1.5985205419321713,6.333333333333333,3.0
noise_scan_raw,gaussian,2,2,237,279.1187785991473,250,2.0,231,1.5985205419321713,6.333333333333333,3.0
noise_scan_raw,gaussian,2,2,236,123.67085971084558,250,2.0,231,1.5985205419321713,6.333333333333333,3.0
noise_scan_raw,gaussian,2,2,235,56.0466953581683,250,2.0,231,1.5985205419321713,6.333333333333333,3.0
noise_scan_raw,gaussian,2,2,234,24.575929756298333,250,2.0,231,1.5985205419321713,6.333333333333333,3.0
noise_scan_raw,gaussian,2,2,233,12.4873051954857,250,2.0,231,1.5985205419321713,6.333333333333333,3.0
noise_scan_raw,gaussian,2,2,232,5.994346371933762,250,2.0,231,1.5985205419321713,6.333333333333333,3.0
noise_scan_raw,gaussian,2,2,231,1.5985205419321713,250,2.0,231,1.5985205419321713,6.333333333333333,3.0
noise_scan_raw,gaussian,2,2,230,1.9979339030954155,250,2.0,231,1.5985205419321713,6.333333333333333,3.0
noise_scan_raw,gaussian,2,2,229,1.4984578863462417,250,2.0,231,1.5985205419321713,6.333333333333333,3.0
noise_scan_raw,gaussian,2,2,228,0.6992942874765323,250,2.0,231,1.5985205419321713,6.333333333333333,3.0
noise_scan_raw,gaussian,2,2,227,0.7992039598505336,250,2.0,231,1.5985205419321713,6.333333333333333,3.0
noise_scan_raw,gaussian,2,2,226,1.0988147336246161,250,2.0,231,1.5985205419321713,6.333333333333333,3.0
noise_scan_raw,gaussian,2,2,225,1.3985593615242324,250,2.0,231,1.5985205419321713,6.333333333333333,3.0
noise_scan_raw,gaussian,2,2,224,0.6993403934010757,250,2.0,231,1.5985205419321713,6.333333333333333,3.0
noise_scan_raw,gaussian,2,2,223,0.8991195098222151,250,2.0,231,1.5985205419321713,6.333333333333333,3.0
noise_scan_raw,gaussian,2,2,222,0.6992958364569483,250,2.0,231,1.5985205419321713,6.333333333333333,3.0
noise_scan_raw,gaussian,2,2,221,0.9990732683044278,250,2.0,231,1.5985205419321713,6.333333333333333,3.0
noise_scan_raw,gaussian,2,2,220,0.49952139219788894,250,2.0,231,1.5985205419321713,6.333333333333333,3.0
noise_scan_raw,gaussian,2,2,219,0.6993569350501518,250,2.0,231,1.5985205419321713,6.333333333333333,3.0
noise_scan_raw,gaussian,2,2,218,0.19978437807019991,250,2.0,231,1.5985205419321713,6.333333333333333,3.0
noise_scan_raw,gaussian,2,2,217,0.3995877418433955,250,2.0,231,1.5985205419321713,6.333333333333333,3.0
noise_scan_raw,gaussian,2,2,216,0.5993952177616197,250,2.0,231,1.5985205419321713,6.333333333333333,3.0
noise_scan_raw,gaussian,2,2,215,0.5993913203595144,250,2.0,231,1.5985205419321713,6.333333333333333,3.0
noise_scan_raw,gaussian,2,2,214,0.6993024488483687,250,2.0,231,1.5985205419321713,6.333333333333333,3.0
noise_scan_raw,gaussian,2,2,213,0.39960002879121986,250,2.0,231,1.5985205419321713,6.333333333333333,3.0
noise_scan_raw,gaussian,2,2,212,0.6993076289199315,250,2.0,231,1.5985205419321713,6.333333333333333,3.0
noise_scan_raw,gaussian,2,2,211,0.3996034551856104,250,2.0,231,1.5985205419321713,6.333333333333333,3.0
noise_scan_raw,gaussian,2,2,210,0.3995892741016133,250,2.0,231,1.5985205419321713,6.333333333333333,3.0
noise_scan_raw,gaussian,2,2,209,0.29968272658648315,250,2.0,231,1.5985205419321713,6.333333333333333,3.0
noise_scan_raw,gaussian,2,2,208,0.39961647602019984,250,2.0,231,1.5985205419321713,6.333333333333333,3.0
noise_scan_raw,gaussian,2,2,207,0.1998026746227527,250,2.0,231,1.5985205419321713,6.333333333333333,3.0
noise_scan_raw,gaussian,2,2,206,0.2997061035147295,250,2.0,231,1.5985205419321713,6.333333333333333,3.0
noise_scan_raw,gaussian,2,2,205,0.1997961836026238,250,2.0,231,1.5985205419321713,6.333333333333333,3.0
noise_scan_raw,gaussian,2,2,204,0.19978566752239454,250,2.0,231,1.5985205419321713,6.333333333333333,3.0
noise_scan_raw,gaussian,2,2,203,0.0,250,2.0,231,1.5985205419321713,6.333333333333333,3.0
noise_scan_raw,gaussian,2,2,202,0.0,250,2.0,231,1.5985205419321713,6.333333333333333,3.0
noise_scan_raw,gaussian,2,2,201,0.09990064726592532,250,2.0,231,1.5985205419321713,6.333333333333333,3.0
noise_scan_raw,gaussian,2,2,200,0.0,250,2.0,231,1.5985205419321713,6.333333333333333,3.0
noise_scan_raw,gaussian,2,2,199,0.19978878416377568,250,2.0,231,1.5985205419321713,6.333333333333333,3.0
noise_scan_raw,gaussian,2,2,198,0.0,250,2.0,231,1.5985205419321713,6.333333333333333,3.0
noise_scan_raw,gaussian,2,2,197,0.0,250,2.0,231,1.5985205419321713,6.333333333333333,3.0
noise_scan_raw,gaussian,3,0,255,153082.95012441042,255,2.0,228,1.5983864859624946,9.0,3.0
noise_scan_raw,gaussian,3,0,254,150693.07772889273,255,2.0,228,1.5983864859624946,9.0,3.0
noise_scan_raw,gaussian,3,0,253,142562.04867835328,255,2.0,228,1.5983864859624946,9.0,3.0
noise_scan_raw,gaussian,3,0,252,134602.51858055734,255,2.0,228,1.5983864859624946,9.0,3.0
noise_scan_raw,gaussian,3,0,251,113277.48254876358,255,2.0,228,1.5983864859624946,9.0,3.0
noise_scan_raw,gaussian,3,0,250,99229.2804554601,255,2.0,228,1.5983864859624946,9.0,3.0
noise_scan_raw,gaussian,3,0,249,79992.37633144969,255,2.0,228,1.5983864859624946,9.0,3.0
noise_scan_raw,gaussian,3,0,248,63529.39159546568,255,2.0,228,1.5983864859624946,9.0,3.0
noise_scan_raw,gaussian,3,0,247,46982.542758474614,255,2.0,228,1.5983864859624946,9.0,3.0
noise_scan_raw,gaussian,3,0,246,34309.82823849205,255,2.0,228,1.5983864859624946,9.0,3.0
noise_scan_raw,gaussian,3,0,245,24970.59785461564,255,2.0,228,1.5983864859624946,9.0,3.0
noise_scan_raw,gaussian,3,0,244,17715.29542088592,255,2.0,228,1.5983864859624946,9.0,3.0
noise_scan_raw,gaussian,3,0,243,10964.660538436367,255,2.0,228,1.5983864859624946,9.0,3.0
noise_scan_raw,gaussian,3,0,242,7186.514800291215,255,2.0,228,1.5983864859624946,9.0,3.0
noise_scan_raw,gaussian,3,0,241,4849.997461677381,255,2.0,228,1.5983864859624946,9.0,3.0
noise_scan_raw,gaussian,3,0,240,3088.456022179106,255,2.0,228,1.5983864859624946,9.0,3.0
noise_scan_raw,gaussian,3,0,239,12.388271868244546,255,2.0,228,1.5983864859624946,9.0,3.0
noise_scan_raw,gaussian,3,0,238,9.290682081402867,255,2.0,228,1.5983864859624946,9.0,3.0
noise_scan_raw,gaussian,3,0,237,8.691031522122847,255,2.0,228,1.5983864859624946,9.0,3.0
noise_scan_raw,gaussian,3,0,236,5.294688148912952,255,2.0,228,1.5983864859624946,9.0,3.0
noise_scan_raw,gaussian,3,0,235,4.095877369525212,255,2.0,228,1.5983864859624946,9.0,3.0
noise_scan_raw,gaussian,3,0,234,3.4963962386657297,255,2.0,228,1.5983864859624946,9.0,3.0
noise_scan_raw,gaussian,3,0,233,2.597332013786269,255,2.0,228,1.5983864859624946,9.0,3.0
noise_scan_raw,gaussian,3,0,232,2.3974771725538293,255,2.0,228,1.5983864859624946,9.0,3.0
noise_scan_raw,gaussian,3,0,231,2.497605711687671,255,2.0,228,1.5983864859624946,9.0,3.0
noise_scan_raw,gaussian,3,0,230,2.2978353483609095,255,2.0,228,1.5983864859624946,9.0,3.0
noise_scan_raw,gaussian,3,0,229,2.497474185050591,255,2.0,228,1.5983864859624946,9.0,3.0
noise_scan_raw,gaussian,3,0,228,1.5983864859624946,255,2.0,228,1.5983864859624946,9.0,3.0
noise_scan_raw,gaussian,3,0,227,2.197836330892113,255,2.0,228,1.5983864859624946,9.0,3.0
noise_scan_raw,gaussian,3,0,226,1.5982972166270022,255,2.0,228,1.5983864859624946,9.0,3.0
noise_scan_raw,gaussian,3,0,225,2.097825751703922,255,2.0,228,1.5983864859624946,9.0,3.0
noise_scan_raw,gaussian,3,0,224,1.9979646912250049,255,2.0,228,1.5983864859624946,9.0,3.0
noise_scan_raw,gaussian,3,0,223,1.4985095662218553,255,2.0,228,1.5983864859624946,9.0,3.0
noise_scan_raw,gaussian,3,0,222,1.7982092094736168,255,2.0,228,1.5983864859624946,9.0,3.0
noise_scan_raw,gaussian,3,0,221,1.3985616266039178,255,2.0,228,1.5983864859624946,9.0,3.0
noise_scan_raw,gaussian,3,0,220,1.4985321594419834,255,2.0,228,1.5983864859624946,9.0,3.0
noise_scan_raw,gaussian,3,0,219,1.298692669823044,255,2.0,228,1.5983864859624946,9.0,3.0
noise_scan_raw,gaussian,3,0,218,1.098884584610338,255,2.0,228,1.5983864859624946,9.0,3.0
noise_scan_raw,gaussian,3,0,217,1.3986780549179778,255,2.0,228,1.5983864859624946,9.0,3.0
noise_scan_raw,gaussian,3,0,216,1.1987076958515401,255,2.0,228,1.5983864859624946,9.0,3.0
noise_scan_raw,gaussian,3,0,215,1.1987730472530003,255,2.0,228,1.5983864859624946,9.0,3.0
noise_scan_raw,gaussian,3,0,214,1.6982367798021596,255,2.0,228,1.5983864859624946,9.0,3.0
noise_scan_raw,gaussian,3,0,213,0.8991291255777694,255,2.0,228,1.5983864859624946,9.0,3.0
noise_scan_raw,gaussian,3,0,212,0.6993388775388409,255,2.0,228,1.5983864859624946,9.0,3.0
noise_scan_raw,gaussian,3,0,211,1.1987883797408587,255,2.0,228,1.5983864859624946,9.0,3.0
noise_scan_raw,gaussian,3,0,210,1.1987589428526046,255,2.0,228,1.5983864859624946,9.0,3.0
noise_scan_raw,gaussian,3,0,209,0.9989808704265432,255,2.0,228,1.5983864859624946,9.0,3.0
noise_scan_raw,gaussian,3,0,208,1.0988939022358752,255,2.0,228,1.5983864859624946,9.0,3.0
noise_scan_raw,gaussian,3,0,207,0.9989255540979487,255,2.0,228,1.5983864859624946,9.0,3.0
noise_scan_raw,gaussian,3,0,206,0.49951113623068016,255,2.0,228,1.5983864859624946,9.0,3.0
noise_scan_raw,gaussian,3,0,205,0.8990673227719991,255,2.0,228,1.5983864859624946,9.0,3.0
noise_scan_raw,gaussian,3,0,204,0.8991004502464737,255,2.0,228,1.5983864859624946,9.0,3.0
noise_scan_raw,gaussian,3,0,203,0.8991336658278203,255,2.0,228,1.5983864859624946,9.0,3.0
noise_scan_raw,gaussian,3,0,202,0.7992168090513795,255,2.0,228,1.5983864859624946,9.0,3.0
noise_scan_raw,gaussian,3,0,201,0.6993215205517813,255,2.0,228,1.5983864859624946,9.0,3.0
noise_scan_raw,gaussian,3,0,200,1.098903769668896,255,2.0,228,1.5983864859624946,9.0,3.0
noise_scan_raw,gaussian,3,0,199,0.49948279768499715,255,2.0,228,1.5983864859624946,9.0,3.0
noise_scan_raw,gaussian,3,0,198,0.19980045696873752,255,2.0,228,1.5983864859624946,9.0,3.0
noise_scan_raw,gaussian,3,0,197,0.39959918171944336,255,2.0,228,1.5983864859624946,9.0,3.0
noise_scan_raw,gaussian,3,0,196,0.7992225199399331,255,2.0,228,1.5983864859624946,9.0,3.0
noise_scan_raw,gaussian,3,0,195,0.1997976397625267,255,2.0,228,1.5983864859624946,9.0,3.0
noise_scan_raw,gaussian,3,0,194,0.49952104715270296,255,2.0,228,1.5983864859624946,9.0,3.0
noise_scan_raw,gaussian,3,0,193,0.3996044355259275,255,2.0,228,1.5983864859624946,9.0,3.0
noise_scan_raw,gaussian,3,0,192,0.29971249265332445,255,2.0,228,1.5983864859624946,9.0,3.0
noise_scan_raw,gaussian,3,0,191,0.3995883794897977,255,2.0,228,1.5983864859624946,9.0,3.0
noise_scan_raw,gaussian,3,0,190,0.49948393973044825,255,2.0,228,1.5983864859624946,9.0,3.0
noise_scan_raw,gaussian,3,0,189,0.29968334040728783,255,2.0,228,1.5983864859624946,9.0,3.0
noise_scan_raw,gaussian,3,0,188,0.2996946180276898,255,2.0,228,1.5983864859624946,9.0,3.0
noise_scan_raw,gaussian,3,0,187,0.29973153318789475,255,2.0,228,1.5983864859624946,9.0,3.0
noise_scan_raw,gaussian,3,0,186,0.39959219589363987,255,2.0,228,1.5983864859624946,9.0,3.0
noise_scan_raw,gaussian,3,0,185,0.19979288114869057,255,2.0,228,1.5983864859624946,9.0,3.0
noise_scan_raw,gaussian,3,0,184,0.3996054444248684,255,2.0,228,1.5983864859624946,9.0,3.0
noise_scan_raw,gaussian,3,0,183,0.3996214161641292,255,2.0,228,1.5983864859624946,9.0,3.0
noise_scan_raw,gaussian,3,0,182,0.3996096418798661,255,2.0,228,1.5983864859624946,9.0,3.0
noise_scan_raw,gaussian,3,0,181,0.1998051445571669,255,2.0,228,1.5983864859624946,9.0,3.0
noise_scan_raw,gaussian,3,0,180,0.3996113456339253,255,2.0,228,1.5983864859624946,9.0,3.0
noise_scan_raw,gaussian,3,0,179,0.0,255,2.0,228,1.5983864859624946,9.0,3.0
noise_scan_raw,gaussian,3,0,178,0.29970664604552383,255,2.0,228,1.5983864859624946,9.0,3.0
noise_scan_raw,gaussian,3,0,177,0.09990153718839095,255,2.0,228,1.5983864859624946,9.0,3.0
noise_scan_raw,gaussian,3,0,176,0.39960952766223645,255,2.0,228,1.5983864859624946,9.0,3.0
noise_scan_raw,gaussian,3,0,175,0.09989324058526813,255,2.0,228,1.5983864859624946,9.0,3.0
noise_scan_raw,gaussian,3,0,174,0.1997954698065023,255,2.0,228,1.5983864859624946,9.0,3.0
noise_scan_raw,gaussian,3,0,173,0.09989690690957115,255,2.0,228,1.5983864859624946,9.0,3.0
noise_scan_raw,gaussian,3,0,172,0.09989736135267896,255,2.0,228,1.5983864859624946,9.0,3.0
noise_scan_raw,gaussian,3,0,171,0.19979861530636092,255,2.0,228,1.5983864859624946,9.0,3.0
noise_scan_raw,gaussian,3,0,170,0.299701599157276,255,2.0,228,1.5983864859624946,9.0,3.0
noise_scan_raw,gaussian,3,0,169,0.0,255,2.0,228,1.5983864859624946,9.0,3.0
noise_scan_raw,gaussian,3,0,168,0.19981469649673383,255,2.0,228,1.5983864859624946,9.0,3.0
noise_scan_raw,gaussian,3,0,167,0.19979202462227266,255,2.0,228,1.5983864859624946,9.0,3.0
noise_scan_raw,gaussian,3,0,166,0.19979965272440237,255,2.0,228,1.5983864859624946,9.0,3.0
noise_scan_raw,gaussian,3,0,165,0.0,255,2.0,228,1.5983864859624946,9.0,3.0
noise_scan_raw,gaussian,3,0,164,0.09989611223888997,255,2.0,228,1.5983864859624946,9.0,3.0
noise_scan_raw,gaussian,3,0,163,0.0,255,2.0,228,1.5983864859624946,9.0,3.0
noise_scan_raw,gaussian,3,0,162,0.0,255,2.0,228,1.5983864859624946,9.0,3.0
noise_scan_raw,gaussian,3,0,161,0.09989184645340105,255,2.0,228,1.5983864859624946,9.0,3.0
noise_scan_raw,gaussian,3,0,160,0.0,255,2.0,228,1.5983864859624946,9.0,3.0
noise_scan_raw,gaussian,3,0,159,0.09989365455000479,255,2.0,228,1.5983864859624946,9.0,3.0
noise_scan_raw,gaussian,3,0,158,0.09989752076563875,255,2.0,228,1.5983864859624946,9.0,3.0
noise_scan_raw,gaussian,3,0,157,0.09990184414393492,255,2.0,228,1.5983864859624946,9.0,3.0
noise_scan_raw,gaussian,3,0,156,0.09990804790560484,255,2.0,228,1.5983864859624946,9.0,3.0
noise_scan_raw,gaussian,3,0,155,0.09989676891195891,255,2.0,228,1.5983864859624946,9.0,3.0
noise_scan_raw,gaussian,3,0,154,0.0,255,2.0,228,1.5983864859624946,9.0,3.0
noise_scan_raw,gaussian,3,0,153,0.0,255,2.0,228,1.5983864859624946,9.0,3.0
noise_scan_raw,gaussian,3,1,180,1.7981990159925505,154,2.0,135,1.7983369375911882,3.1666666666666665,6.0
noise_scan_raw,gaussian,3,1,179,1.6983700635393226,154,2.0,135,1.7983369375911882,3.1666666666666665,6.0
noise_scan_raw,gaussian,3,1,178,1.4984097073525715,154,2.0,135,1.7983369375911882,3.1666666666666665,6.0
noise_scan_raw,gaussian,3,1,177,4.09579435178893,154,2.0,135,1.7983369375911882,3.1666666666666665,6.0
noise_scan_raw,gaussian,3,1,176,13.88638246542965,154,2.0,135,1.7983369375911882,3.1666666666666665,6.0
noise_scan_raw,gaussian,3,1,175,81.4128378990684,154,2.0,135,1.7983369375911882,3.1666666666666665,6.0
noise_scan_raw,gaussian,3,1,174,404.107791424434,154,2.0,135,1.7983369375911882,3.1666666666666665,6.0
noise_scan_raw,gaussian,3,1,173,1710.7393082219705,154,2.0,135,1.7983369375911882,3.1666666666666665,6.0
noise_scan_raw,gaussian,3,1,172,5540.245098224622,154,2.0,135,1.7983369375911882,3.1666666666666665,6.0
noise_scan_raw,gaussian,3,1,171,11662.377969728723,154,2.0,135,1.7983369375911882,3.1666666666666665,6.0
noise_scan_raw,gaussian,3,1,170,23626.975618708082,154,2.0,135,1.7983369375911882,3.1666666666666665,6.0
noise_scan_raw,gaussian,3,1,169,41199.77668790195,154,2.0,135,1.7983369375911882,3.1666666666666665,6.0
noise_scan_raw,gaussian,3,1,168,60570.70085110574,154,2.0,135,1.7983369375911882,3.1666666666666665,6.0
noise_scan_raw,gaussian,3,1,167,79543.6219679197,154,2.0,135,1.7983369375911882,3.1666666666666665,6.0
noise_scan_raw,gaussian,3,1,166,85123.39733380704,154,2.0,135,1.7983369375911882,3.1666666666666665,6.0
noise_scan_raw,gaussian,3,1,165,84751.07008142537,154,2.0,135,1.7983369375911882,3.1666666666666665,6.0
noise_scan_raw,gaussian,3,1,164,81355.11758764661,154,2.0,135,1.7983369375911882,3.1666666666666665,6.0
noise_scan_raw,gaussian,3,1,163,78770.95187367742,154,2.0,135,1.7983369375911882,3.1666666666666665,6.0
noise_scan_raw,gaussian,3,1,162,77538.16496645498,154,2.0,135,1.7983369375911882,3.1666666666666665,6.0
noise_scan_raw,gaussian,3,1,161,79134.38076671245,154,2.0,135,1.7983369375911882,3.1666666666666665,6.0
noise_scan_raw,gaussian,3,1,160,83562.88873718705,154,2.0,135,1.7983369375911882,3.1666666666666665,6.0
noise_scan_raw,gaussian,3,1,159,96331.99575430946,154,2.0,135,1.7983369375911882,3.1666666666666665,6.0
noise_scan_raw,gaussian,3,1,158,107403.18570964193,154,2.0,135,1.7983369375911882,3.1666666666666665,6.0
noise_scan_raw,gaussian,3,1,157,121715.78466813292,154,2.0,135,1.7983369375911882,3.1666666666666665,6.0
noise_scan_raw,gaussian,3,1,156,136347.47896816867,154,2.0,135,1.7983369375911882,3.1666666666666665,6.0
noise_scan_raw,gaussian,3,1,155,145489.6237039445,154,2.0,135,1.7983369375911882,3.1666666666666665,6.0
noise_scan_raw,gaussian,3,1,154,150063.266584076,154,2.0,135,1.7983369375911882,3.1666666666666665,6.0
noise_scan_raw,gaussian,3,1,153,142539.54244546895,154,2.0,135,1.7983369375911882,3.1666666666666665,6.0
noise_scan_raw,gaussian,3,1,152,123284.08865366597,154,2.0,135,1.7983369375911882,3.1666666666666665,6.0
noise_scan_raw,gaussian,3,1,151,87413.52093943869,154,2.0,135,1.7983369375911882,3.1666666666666665,6.0
noise_scan_raw,gaussian,3,1,150,60342.503758354826,154,2.0,135,1.7983369375911882,3.1666666666666665,6.0
noise_scan_raw,gaussian,3,1,149,35136.16101831298,154,2.0,135,1.7983369375911882,3.1666666666666665,6.0
noise_scan_raw,gaussian,3,1,148,21088.408135473688,154,2.0,135,1.7983369375911882,3.1666666666666665,6.0
noise_scan_raw,gaussian,3,1,147,11976.53908587104,154,2.0,135,1.7983369375911882,3.1666666666666665,6.0
noise_scan_raw,gaussian,3,1,146,5928.558718414362,154,2.0,135,1.7983369375911882,3.1666666666666665,6.0
noise_scan_raw,gaussian,3,1,145,2951.987909637243,154,2.0,135,1.7983369375911882,3.1666666666666665,6.0
noise_scan_raw,gaussian,3,1,144,1694.0185439105014,154,2.0,135,1.7983369375911882,3.1666666666666665,6.0
noise_scan_raw,gaussian,3,1,143,753.0991405257018,154,2.0,135,1.7983369375911882,3.1666666666666665,6.0
noise_scan_raw,gaussian,3,1,142,288.98739397401823,154,2.0,135,1.7983369375911882,3.1666666666666665,6.0
noise_scan_raw,gaussian,3,1,141,112.58289704205384,154,2.0,135,1.7983369375911882,3.1666666666666665,6.0
noise_scan_raw,gaussian,3,1,140,54.044741517544274,154,2.0,135,1.7983369375911882,3.1666666666666665,6.0
noise_scan_raw,gaussian,3,1,139,23.774557285825455,154,2.0,135,1.7983369375911882,3.1666666666666665,6.0
noise_scan_raw,gaussian,3,1,138,9.589989544814799,154,2.0,135,1.7983369375911882,3.1666666666666665,6.0
noise_scan_raw,gaussian,3,1,137,4.8949304846448305,154,2.0,135,1.7983369375911882,3.1666666666666665,6.0
noise_scan_raw,gaussian,3,1,136,2.8970469392575975,154,2.0,135,1.7983369375911882,3.1666666666666665,6.0
noise_scan_raw,gaussian,3,1,135,1.7983369375911882,154,2.0,135,1.7983369375911882,3.1666666666666665,6.0
noise_scan_raw,gaussian,3,1,134,1.3986399096013806,154,2.0,135,1.7983369375911882,3.1666666666666665,6.0
noise_scan_raw,gaussian,3,1,133,1.5985288045665293,154,2.0,135,1.7983369375911882,3.1666666666666665,6.0
noise_scan_raw,gaussian,3,1,132,1.4984488570100387,154,2.0,135,1.7983369375911882,3.1666666666666665,6.0
noise_scan_raw,gaussian,3,1,131,0.8990503638203542,154,2.0,135,1.7983369375911882,3.1666666666666665,6.0
noise_scan_raw,gaussian,3,1,130,0.7991938711379473,154,2.0,135,1.7983369375911882,3.1666666666666665,6.0
noise_scan_raw,gaussian,3,1,129,1.2986768946394507,154,2.0,135,1.7983369375911882,3.1666666666666665,6.0
noise_scan_raw,gaussian,3,1,128,0.499498727311373,154,2.0,135,1.7983369375911882,3.1666666666666665,6.0
noise_scan_raw,gaussian,3,1,127,1.0988824384380813,154,2.0,135,1.7983369375911882,3.1666666666666665,6.0
noise_scan_raw,gaussian,3,1,126,0.9990055446743669,154,2.0,135,1.7983369375911882,3.1666666666666665,6.0
noise_scan_raw,gaussian,3,1,125,1.1988120502175523,154,2.0,135,1.7983369375911882,3.1666666666666665,6.0
noise_scan_raw,gaussian,3,1,124,1.0988738014881427,154,2.0,135,1.7983369375911882,3.1666666666666665,6.0
noise_scan_raw,gaussian,3,1,123,0.9989942186387853,154,2.0,135,1.7983369375911882,3.1666666666666665,6.0
noise_scan_raw,gaussian,3,1,122,0.6992893074677128,154,2.0,135,1.7983369375911882,3.1666666666666665,6.0
noise_scan_raw,gaussian,3,1,121,0.4995306491052964,154,2.0,135,1.7983369375911882,3.1666666666666665,6.0
noise_scan_raw,gaussian,3,1,120,0.8991347366481941,154,2.0,135,1.7983369375911882,3.1666666666666665,6.0
noise_scan_raw,gaussian,3,1,119,0.29970084249561396,154,2.0,135,1.7983369375911882,3.1666666666666665,6.0
noise_scan_raw,gaussian,3,1,118,0.09990429271732153,154,2.0,135,1.7983369375911882,3.1666666666666665,6.0
noise_scan_raw,gaussian,3,1,117,0.09989814890523828,154,2.0,135,1.7983369375911882,3.1666666666666665,6.0
noise_scan_raw,gaussian,3,1,116,0.09989891505589754,154,2.0,135,1.7983369375911882,3.1666666666666665,6.0
noise_scan_raw,gaussian,3,1,115,0.1997991720844291,154,2.0,135,1.7983369375911882,3.1666666666666665,6.0
noise_scan_raw,gaussian,3,1,114,0.19979645960515813,154,2.0,135,1.7983369375911882,3.1666666666666665,6.0
noise_scan_raw,gaussian,3,1,113,0.39958102288709757,154,2.0,135,1.7983369375911882,3.1666666666666665,6.0
noise_scan_raw,gaussian,3,1,112,0.19981312110150887,154,2.0,135,1.7983369375911882,3.1666666666666665,6.0
noise_scan_raw,gaussian,3,1,111,0.19980207499470817,154,2.0,135,1.7983369375911882,3.1666666666666665,6.0
noise_scan_raw,gaussian,3,1,110,0.09990499709107929,154,2.0,135,1.7983369375911882,3.1666666666666665,6.0
noise_scan_raw,gaussian,3,1,109,0.0,154,2.0,135,1.7983369375911882,3.1666666666666665,6.0
noise_scan_raw,gaussian,3,1,108,0.0,154,2.0,135,1.7983369375911882,3.1666666666666665,6.0
noise_scan_raw,gaussian,3,2,170,4868.012447859719,154,2.0,134,1.3986211208827586,4.0,5.0
noise_scan_raw,gaussian,3,2,169,11275.737983331734,154,2.0,134,1.3986211208827586,4.0,5.0
noise_scan_raw,gaussian,3,2,168,26143.559873550064,154,2.0,134,1.3986211208827586,4.0,5.0
noise_scan_raw,gaussian,3,2,167,47609.36674943225,154,2.0,134,1.3986211208827586,4.0,5.0
noise_scan_raw,gaussian,3,2,166,67894.37573226824,154,2.0,134,1.3986211208827586,4.0,5.0
noise_scan_raw,gaussian,3,2,165,78686.08837314465,154,2.0,134,1.3986211208827586,4.0,5.0
noise_scan_raw,gaussian,3,2,164,83356.6058073661,154,2.0,134,1.3986211208827586,4.0,5.0
noise_scan_raw,gaussian,3,2,163,82755.82904492386,154,2.0,134,1.3986211208827586,4.0,5.0
noise_scan_raw,gaussian,3,2,162,79666.43082790304,154,2.0,134,1.3986211208827586,4.0,5.0
noise_scan_raw,gaussian,3,2,161,76796.5218610954,154,2.0,134,1.3986211208827586,4.0,5.0
noise_scan_raw,gaussian,3,2,160,76030.36787563619,154,2.0,134,1.3986211208827586,4.0,5.0
noise_scan_raw,gaussian,3,2,159,89307.94861769676,154,2.0,134,1.3986211208827586,4.0,5.0
noise_scan_raw,gaussian,3,2,158,101436.00033716165,154,2.0,134,1.3986211208827586,4.0,5.0
noise_scan_raw,gaussian,3,2,157,114061.14509696326,154,2.0,134,1.3986211208827586,4.0,5.0
noise_scan_raw,gaussian,3,2,156,129464.69530134051,154,2.0,134,1.3986211208827586,4.0,5.0
noise_scan_raw,gaussian,3,2,155,138799.00494084205,154,2.0,134,1.3986211208827586,4.0,5.0
noise_scan_raw,gaussian,3,2,154,146646.76347138482,154,2.0,134,1.3986211208827586,4.0,5.0
noise_scan_raw,gaussian,3,2,153,143402.76227037955,154,2.0,134,1.3986211208827586,4.0,5.0
noise_scan_raw,gaussian,3,2,152,124595.87408404156,154,2.0,134,1.3986211208827586,4.0,5.0
noise_scan_raw,gaussian,3,2,151,95681.21062205768,154,2.0,134,1.3986211208827586,4.0,5.0
noise_scan_raw,gaussian,3,2,150,63225.32427636642,154,2.0,134,1.3986211208827586,4.0,5.0
noise_scan_raw,gaussian,3,2,149,42158.24768927357,154,2.0,134,1.3986211208827586,4.0,5.0
noise_scan_raw,gaussian,3,2,148,23529.832581961004,154,2.0,134,1.3986211208827586,4.0,5.0
noise_scan_raw,gaussian,3,2,147,15852.938120493072,154,2.0,134,1.3986211208827586,4.0,5.0
noise_scan_raw,gaussian,3,2,146,7698.292690940034,154,2.0,134,1.3986211208827586,4.0,5.0
noise_scan_raw,gaussian,3,2,145,3983.6131824208187,154,2.0,134,1.3986211208827586,4.0,5.0
noise_scan_raw,gaussian,3,2,144,1741.8478961291864,154,2.0,134,1.3986211208827586,4.0,5.0
noise_scan_raw,gaussian,3,2,143,764.9648188627158,154,2.0,134,1.3986211208827586,4.0,5.0
noise_scan_raw,gaussian,3,2,142,290.50493791436935,154,2.0,134,1.3986211208827586,4.0,5.0
noise_scan_raw,gaussian,3,2,141,129.06723409140412,154,2.0,134,1.3986211208827586,4.0,5.0
noise_scan_raw,gaussian,3,2,140,46.85399838320207,154,2.0,134,1.3986211208827586,4.0,5.0
noise_scan_raw,gaussian,3,2,139,28.969836670464613,154,2.0,134,1.3986211208827586,4.0,5.0
noise_scan_raw,gaussian,3,2,138,11.388325233259685,154,2.0,134,1.3986211208827586,4.0,5.0
noise_scan_raw,gaussian,3,2,137,4.894730318968693,154,2.0,134,1.3986211208827586,4.0,5.0
noise_scan_raw,gaussian,3,2,136,2.197698609392125,154,2.0,134,1.3986211208827586,4.0,5.0
noise_scan_raw,gaussian,3,2,135,2.0978850609798796,154,2.0,134,1.3986211208827586,4.0,5.0
noise_scan_raw,gaussian,3,2,134,1.3986211208827586,154,2.0,134,1.3986211208827586,4.0,5.0
noise_scan_raw,gaussian,3,2,133,1.8980532109943158,154,2.0,134,1.3986211208827586,4.0,5.0
noise_scan_raw,gaussian,3,2,132,0.9989803707677706,154,2.0,134,1.3986211208827586,4.0,5.0
noise_scan_raw,gaussian,3,2,131,1.3986464724465226,154,2.0,134,1.3986211208827586,4.0,5.0
noise_scan_raw,gaussian,3,2,130,0.9990312671502526,154,2.0,134,1.3986211208827586,4.0,5.0
noise_scan_raw,gaussian,3,2,129,0.8990917559218786,154,2.0,134,1.3986211208827586,4.0,5.0
noise_scan_raw,gaussian,3,2,128,0.6993073790754901,154,2.0,134,1.3986211208827586,4.0,5.0
noise_scan_raw,gaussian,3,2,127,0.8990933405892,154,2.0,134,1.3986211208827586,4.0,5.0
noise_scan_raw,gaussian,3,2,126,1.2986952062608759,154,2.0,134,1.3986211208827586,4.0,5.0
noise_scan_raw,gaussian,3,2,125,1.298587447316733,154,2.0,134,1.3986211208827586,4.0,5.0
noise_scan_raw,gaussian,3,2,124,1.0989055494900024,154,2.0,134,1.3986211208827586,4.0,5.0
noise_scan_raw,gaussian,3,2,123,0.9990290303606355,154,2.0,134,1.3986211208827586,4.0,5.0
noise_scan_raw,gaussian,3,2,122,0.5993919770610805,154,2.0,134,1.3986211208827586,4.0,5.0
noise_scan_raw,gaussian,3,2,121,0.5994144485425916,154,2.0,134,1.3986211208827586,4.0,5.0
noise_scan_raw,gaussian,3,2,120,1.0988723096650859,154,2.0,134,1.3986211208827586,4.0,5.0
noise_scan_raw,gaussian,3,2,119,0.4994801686210478,154,2.0,134,1.3986211208827586,4.0,5.0
noise_scan_raw,gaussian,3,2,118,0.3995926907942408,154,2.0,134,1.3986211208827586,4.0,5.0
noise_scan_raw,gaussian,3,2,117,0.8991633070776002,154,2.0,134,1.3986211208827586,4.0,5.0
noise_scan_raw,gaussian,3,2,116,0.29970245575999493,154,2.0,134,1.3986211208827586,4.0,5.0
noise_scan_raw,gaussian,3,2,115,0.29970038564513957,154,2.0,134,1.3986211208827586,4.0,5.0
noise_scan_raw,gaussian,3,2,114,0.1997893932287165,154,2.0,134,1.3986211208827586,4.0,5.0
noise_scan_raw,gaussian,3,2,113,0.299684625156646,154,2.0,134,1.3986211208827586,4.0,5.0
noise_scan_raw,gaussian,3,2,112,0.19979025449094773,154,2.0,134,1.3986211208827586,4.0,5.0
noise_scan_raw,gaussian,3,2,111,0.39959329038699576,154,2.0,134,1.3986211208827586,4.0,5.0
noise_scan_raw,gaussian,3,2,110,0.39963145864438143,154,2.0,134,1.3986211208827586,4.0,5.0
noise_scan_raw,gaussian,3,2,109,0.1997925432957264,154,2.0,134,1.3986211208827586,4.0,5.0
noise_scan_raw,gaussian,3,2,108,0.09990415231968536,154,2.0,134,1.3986211208827586,4.0,5.0
noise_scan_raw,gaussian,3,2,107,0.09990063298922354,154,2.0,134,1.3986211208827586,4.0,5.0
noise_scan_raw,gaussian,3,2,106,0.1997995813420819,154,2.0,134,1.3986211208827586,4.0,5.0
noise_scan_raw,gaussian,3,2,105,0.09990637017253061,154,2.0,134,1.3986211208827586,4.0,5.0
noise_scan_raw,gaussian,3,2,104,0.09990446880982981,154,2.0,134,1.3986211208827586,4.0,5.0
noise_scan_raw,gaussian,3,2,103,0.0,154,2.0,134,1.3986211208827586,4.0,5.0
noise_scan_raw,gaussian,3,2,102,0.0998998834681106,154,2.0,134,1.3986211208827586,4.0,5.0
noise_scan_raw,gaussian,3,2,101,0.0,154,2.0,134,1.3986211208827586,4.0,5.0
noise_scan_raw,gaussian,3,2,100,0.09989789907604237,154,2.0,134,1.3986211208827586,4.0,5.0
noise_scan_raw,gaussian,3,2,99,0.0,154,2.0,134,1.3986211208827586,4.0,5.0
noise_scan_raw,gaussian,3,2,98,0.0,154,2.0,134,1.3986211208827586,4.0,5.0
